,Unnamed: 0,time,category_name,text_company,text_headline,content_url,processed_text,article_clusters,betweenenss,closeness,pagerank
0,0,2024-01-01 23:31:01,정치,주간조선 ,김건희 특검 아닌 도이치 특검 표현한 한동훈 속내는,https://n.news.naver.com/mnews/article/053/0000040539?sid=100,"['한동훈 국민의힘 비상대책위원장이 1일 오전 서울 영등포구 국민의힘 중앙당사에서 열린 2024 신년인사회에서 인사말을 하고 있다.', 'photo 뉴시스 국민의힘 한동훈 비상대책위원장이 야당에서 추진 중인 이른바 김건희 여사 특검 에 대해 국민의 눈과 귀를 가리는 것 이라고 주장했다.', '발언 과정에서 한 비대위원장은 김건희 특검 이란 용어 대신 도이치 특검 이라 언급했다.', '한 위원장은 1일 여의도 중앙당사에서 신년 인사회를 마친 뒤 기자들과 만나 김건희 특검 거부권 행사에 대한 반대 여론이 높다는 질문에 이 같이 답했다.', '한 위원장은 도이치 특검 역시 여러 차례 총선용 악법이라고 설명했다.', '그 법을 가지고 총선을 치르는 것은 국민의 눈과 귀를 가리는것 이라며 지금 대장동 특검도 같이 올라와 있는데 총선 전에 대장동 수사와 재판을 사실상 마비시키려는 의도가 너무 보이는 법 이라고 비판했다.', '이는 법무부 장관 시절 법 앞에 예외는 없다', '는 것을 전제로 한 발언과는 다소 결이 달라진 것으로 해석될 여지가 있어', '사실상 대통령실의 거부권 행사와 보조를 맞추려는 의도로 보인다.', '한 위원장은 민경우 비대위원이 노인 비하 발언 논란으로 사퇴한 것에 대해선 과거 굉장히 부적절한 발언이 있었고 제가 동의하지 않는 발언이어서 노인회장에게 따로 사과 말씀을 드렸다', '고 말했다.', '이어 출발에서 좀 안타까운 일이 생기는데 저희가 앞으로 더 언행에 신중하고 그럼에도 불구하고 할 일을 더 열심히 잘하겠다 고 했다.', '공석이 된 비대위원을 추가로 인선할지에 대해선 차차 생각해보겠다 며 상징성을 보여줄 사람이 있으면 모시고 그렇지 않으면 안 모실 수 있다 고 말했다.', '※주간조선 온라인 기사입니다.']",2,2.490400524809957,0.6341463414634146,0.0185517825895348
1,1,2024-01-01 21:07:30,정치,TV조선 ,86세대 퇴진론 찬성 58%…尹 김건희 특검 거부 말아야 63%,https://n.news.naver.com/mnews/article/448/0000442310?sid=100,"['TV조선 신년여론조사 ③ 앵커 이번 여론조사에선 여야가 총선을 겨냥해 던진 이슈에 대한 생각도 물었습니다.', '한동훈 비대위원장이 강조한 86세대 퇴진론 에 대해선 이 세대를 이루고 있는 60년대생들이 가장 크게 공감했습니다.', '민주당이 밀어붙인 김건희 여사 특검 에 대해선 모든 연령층에서 대통령이 거부권을 행사해선 안 된다는 답이 많았습니다.', '자세한 내용을 최민식 기자가 정리했습니다.', '리포트 80년대 민주화 운동을 주도했던 1960년대생 이른바 86세대가 정치권에서 퇴진해야 한다는 세대 교체론에 어떻게 생각하는지 물었습니다.', '공감한다', '는 응답은 58% 공감하지 않는다', '는 36%였습니다.', '60대 68% 가 가장 많이 공감했고 70세 이상 62% 50대의 60%가 공감한다고 답했습니다.', '86세대의 나이는 지난해 말 기준 50대 중반부터 60대 중반까지인데 퇴진 대상으로 지목된 세대에서 오히려 86 퇴진론 에 높은 공감을 나타낸 겁니다.', '지난달 28일 국회를 통과한 김건희 여사 특검법에 대해선 윤석열 대통령이 거부권을 행사하지 말아야 한다', '는 답변이 63%로 행사해야 한다는 응답 31%보다 2배 가량 높았습니다.', '응답자의 이념 성향에 따라 답변도 갈렸는데 스스로를 보수라고 답한 응답자의 55%가 거부권 행사에 찬성했고 진보라고 답한 응답자의 83%는 거부권 행사에 반대했습니다.', '중도라고 답한 응답자 73%도 거부권 행사에 부정적이었습니다.', '다만 현재 민주당이 주도해 통과시킨 특검법과 달리 특별검사를 여야 합의로 추천하고 특검 수사도 총선 이후에 시작하는 방향에 대해서도 찬성 55%로 반대 37%보다 높았습니다.', '이번 조사는 TV조선과 조선일보가 여론조사 전문업체 케이스탯에 의뢰해 성인남녀 1천 18명을 대상으로 지난달 30일부터 이틀간 휴대전화 가상번호를 활용한 전화면접 방식으로 실시됐습니다.', 'TV조선 최민식입니다.']",3,0.7685723584145308,0.5473684210526316,0.00737894876871
2,2,2024-01-01 21:01:05,정치,조선일보 ,“김건희 특검 거부권 반대” 63%… “총선 이후 특검” 55%,https://n.news.naver.com/mnews/article/023/0003808172?sid=100,"['조선일보·TV조선 총선 여론조사 대선에서 尹 찍었던 응답자 33%도 “대통령 거부권 행사하지 말아야” 작년 12월 28일 서울 여의도 국회에서 열린 제411회 국회 임시회 제3차본회의에서 김건희 여사 특검법 이 통과되고 있다.', '국민의힘은 이날 표결에 참여하지 않고 국회 로텐더홀에서 규탄대회를 열었다.', '뉴스1 윤석열 대통령이 김건희 여사의 도이치모터스 주가 조작 의혹 진상 규명을 위한 특검법에 거부권을 행사하지 말아야 한다는 응답이 63%로 나타났다.', '다만 내년 4월 10일 총선 이후 특검을 해야 한다는 의견이 55%로 조사됐다.', '그래픽 양인성 조선일보·TV조선 조사 결과 윤 대통령이 ‘거부권을 행사하지 말아야 한다’는 63% ‘거부권을 행사해야 한다’는 31% ‘모름 무응답’은 7%로 나타났다.', '거부권을 행사하지 말아야 한다는 응답은 20대 66% 30대 80% 40대 78% 50대 63% 60대 51%로 70세 이상 34% 을 제외한 전 연령에서 과반이었다.', '지역별로는 서울 63% 인천·경기 65% 대전·충청 61% 부산·울산·경남 54% 등 대구·경북 46% 을 제외한 모든 지역에서 응답자의 절반 이상이었다.', '특히 현 정부에 상대적으로 우호적인 응답자들 가운데서도 김건희 특검법에 대한 찬성 여론이 우세했다.', '국민의힘 지지자의 22% 현 정부 국정 운영을 긍정적으로 평가한다는 응답자의 21% 지난 대선에서 윤석열 후보에게 투표했다는 응답자의 33%도 윤 대통령이 거부권을 행사하지 말아야 한다고 답했다.', '하지만 특검 시점에 대해선 “총선 이후 개시해야 한다”는 의견이 55%로 나타났다.', '총선 이후 특검에 반대한다는 응답은 37% 매우 반대 24%·대체로 반대 13% ‘모름 무응답’은 8%였다.', '총선 이후 특검을 해야 한다는 의견은 지역별로는 강원·제주 47% 를 제외한 전역에서 연령별로는 40대 47% 와 70세 이상 49% 을 제외한 전 연령층에서 과반 이상이었다.', '특검에 찬성하면서도 ‘특검이 총선 겨냥한 흠집 내기로 악용될 수 있다’는 여당의 주장에 공감하는 사람들이 있다는 것이다.', '중앙일보가 지난달 28 29일 한국갤럽에 의뢰한 조사에서도 윤 대통령이 거부권을 행사하지 말아야 한다는 응답이 65% 행사해야 한다는 응답이 25%로 조사됐다.', '경향신문이 지난달 29 30일 엠브레인퍼블릭에 의뢰한 조사에선 거부권이 적절하다가 23% 부적절하다가 62%로 조사됐다.']",2,12.802461793646216,0.6666666666666667,0.0190240544103776
3,3,2024-01-01 20:05:22,정치,MBC ,동료 시민 앞세운 한동훈‥김건희 특검법 놓고 이준석과 대립,https://n.news.naver.com/mnews/article/214/0001321916?sid=100,"['뉴스데스크 앵커 오는 4월 10일에 치러지는 22대 국회의원 선거 이제 딱 100일 앞으로 다가왔습니다.', '여·야 정치권의 발걸음도 빨라지고 있는데요.', '먼저 국민의 힘 한동훈 비상 대책 위원장 여러 차례 강조해 왔던 동료 시민 을 내세우면서 동료 의식을 실천하는 당이 되겠다고 말했습니다.', '국회를 통과한 김건희 여사 특검법에 대해서는 도이치 특검 이라고 부르면서 거듭 비난을 했는데요.', '이에 대해 새로운 당을 준비 중인 이준석 전 대표는 누군가의 하수인처럼 행동하지 말아야 한다', '고 대립각을 세웠습니다.', '윤수한 기자가 전하겠습니다.', '리포트 한동훈 비대위원장은 현충원 방명록에 동료 시민들과 함께 대한민국의 미래를 만들어 가겠다', '고 적었습니다.', '신년 행사에서도 여러 차례 동료 시민 을 앞세웠습니다.', '한동훈 국민의힘 비상대책위원장 100일 남은 국민의 선택을 앞두고 동료 시민에 대한 그런 계산 없는 선의를 정교한 정책으로 준비해서 실천할 겁니다.', '연평도 포격 당시 주민들에게 숙소를 제공한 찜질방 주인을 거론하며 동료 의식을 실천하는 당으로 거듭나겠다', '고 부연했습니다.', '막말 논란으로 사퇴한 민경우 전 비대위원에 대해선 언행에 신중해야 한다', '고 몸을 낮췄지만 국회를 통과한 김건희 여사 주가조작 의혹 특검법 은 김 여사의 이름 대신 도이치 특검 으로 부르며 날을 세웠습니다.', '한동훈 국민의힘 비상대책위원장 도이치 특검 역시 제가 여러 차례 왜 그게 총선용 악법인지 설명을 드렸습니다.', '개혁신당 을 준비중인 이준석 전 대표는 특검법에 대한 맥 빠진 대응으로 국민의힘 안에서도 새로운 세력에 대한 기대감이 커지고 있다 며 대립각을 세웠습니다.', '특히 한 위원장을 향해 누군가의 하수인처럼 행동하지 말아야 한다 며 멋들어지게 용어 하나 쓴다고 세상이 바뀌는 게 아니 라고 비난했습니다.', '이준석 전 국민의힘 대표 국민의힘 빼기 김종인 빼기 이준석 정도 하면 아마 자유한국당 정도가 남을 겁니다.', '본격적인 총선 행보에 들어간 한동훈 위원장은 내일 대전을 시작으로 대구와 광주를 잇따라 방문합니다.', '국민의힘 신년행사 참석이 목적이지만 보수의 텃밭인 대구에서 지지층을 결집시키고 험지인 광주에서 외연을 넓히겠다는 의도라는 해석이 나오고 있습니다.', 'MBC뉴스 윤수한입니다.', '영상취재 박종일 이지호 영상편집 장동준 MBC 뉴스는 24시간 여러분의 제보를 기다립니다.']",1,27.29720801860094,0.7428571428571429,0.0211375112631125
4,4,2024-01-01 20:04:08,정치,MBC ,MBC여론조사① 국정운영 잘못한다 59%‥특검 거부권 동의 안 해 64%,https://n.news.naver.com/mnews/article/214/0001321915?sid=100,"[' MBC가 2024년 새해를 맞아 여론조사를 실시했습니다.', '윤석열 대통령의 국정운영에 대해 부정 평가가 59%로 나타났습니다.', '김건희 여사 특검법에 대한 대통령실의 거부권 행사방침에 동의하지 않는다는 응답과 김여사의 명품가방 수수 의혹에 대해 규명이 중요하다는 응답이 모두 60%를 넘었습니다.', '먼저 이용주 기자입니다.', '리포트 윤석열 대통령이 대통령으로서 일을 잘하고 있다고 생각하는지 물었습니다.', '잘하고 있다 35% 잘못하고 있다 59%였습니다.', '구체적으로는 매우 잘하고 있다 13% 잘하는 편이다 22% 잘못하는 편이다 22% 매우 잘못하고 있다 가 38%였습니다.', '연령과 지역별로 나눠서 볼 때 긍정적 평가를 한 집단은 각각 한 곳씩이었습니다.', '70대 이상에서만 절반이 넘는 66%가 대통령의 업무 수행을 긍정적으로 평가했고 지역에서는 핵심 지지 기반인 대구·경북에서만 긍정 평가가 56%로 부정 평가보다 높았습니다.', '지난 1년간 추이를 살펴보면 긍정은 30%대 부정은 50% 후반대에서 크게 벗어나지 않은 것으로 나타났습니다.', '대통령 부인 김건희 여사 관련 사안에 대해서도 물었습니다.', '김 여사의 주가조작 의혹 특검법과 관련해 대통령이 거부권 행사 방침을 밝힌 것에 대해 거부권 행사에 동의하지 않는다 가 64%로 동의한다 31%보다 두 배 이상 높았습니다.', '본인의 이념 성향을 중도라고 밝힌 응답자 가운데선 71%가 동의하지 않는다', '고 답했습니다.', '김건희 여사가 재미 목사로부터 명품 가방을 받은 의혹과 관련해 무엇이 중요하다고 생각하는지 물었습니다.', '김건희 여사의 청탁금지법 위반에 대한 규명이 중요하다는 응답은 62%로 몰래카메라를 사용한 취재윤리 위반에 대한 규명이 중요하다는 응답 30%보다 두 배이상 많았습니다.', 'MBC뉴스 이용주입니다.']",2,10.52315537352115,0.6190476190476191,0.0127886201557775
5,5,2024-01-01 17:50:01,정치,매일신문 ,이재명 尹 신년인사회 불참 검토…김건희 특검 거부권 때문,https://n.news.naver.com/mnews/article/088/0000854847?sid=100,"['이재명 더불어민주당 대표와 당 지도부가 새해 첫날인 1일 오후 경남 김해시 진영읍 봉하마을 고 故 노무현 전 대통령 묘역 참배 후 방명록을 남기고 있다.', '연합뉴스 더불어민주당 이재명 대표가 오는 3일 예정된 윤석열 대통령 주재 신년인사회에 불참하는 방안을 검토 중이다.', '윤 대통령이 지난달 28일 국회를 통과한 김건희 여사 특검법에 거부권을 행사하겠다는 방침을 밝힌 것에 대한 항의로 보인다.', '민주당 권칠승 수석대변인은 1일 경남 김해시 봉하마을에서 이 대표 정세균 전 국무총리 권양숙 여사와의 식사 자리 후 기자들과 만나 이같이 밝혔다.', '권 수석대변인은 거부권과 관련해 대통령실에서 너무 명확한 입장을 밝혔고 그 부분이 굉장히 실망스럽기 때문에 신년인사회 참가를 재검토해야 하는 게 아니냐는 의견이 있었다', '고 설명했다.', '다만 아직 결정이 난 건 아니라며 여지를 남겼다.', '앞서 민주당은 지난달 21일 대통령실로부터 신년인사회 초청장이 오자 이 대표를 비롯한 당 지도부가 참석하겠다는 뜻을 밝힌 바 있다.', '한편 이 대표는 이날 신년사를 통해 윤석열 정권은 야당파괴와 국회 무시로 민주주의를 부정하고 정치보복과 독단의 국정운영으로 대한민국을 고사 枯死 시키고 있다 며 윤석열 대통령과 강한 대립각을 세웠다.']",1,8.295846778899431,0.6046511627906976,0.0131849708126996
6,6,2024-01-01 17:08:00,정치,프레시안 ,한동훈 김건희 특검 물었더니 도이치 특검은 총선용 악법,https://n.news.naver.com/mnews/article/002/0002313930?sid=100,"['한동훈 국민의힘 비상대책위원장이 1일 김건희 특검법 과 대장동 50억 클럽 특검법 을 통과시킨 야권을 향해 그런 법만 갖고 총선을 치른다는 것은 국민의 눈과 귀를 가리는 것 이라고 비판했다.', '한 비대위원장은 이날 오전 여의도 당사에서 열린 신년인사회 직후 기자들과 만나 특검과 관련한 입장을 이같이 밝혔다.', '한 위원장은 김건희 특검 거부권 행사에 대한 반대 여론이 높다는 지적이 나오자 도이치 특검도 왜 그것이 총선용 악법인지 여러차례 설명했다', '고 말했고 대장동 특검은 총선 전에 대장동 수사와 재판을 사실상 마비시키겠다는 의도가 눈에 보인다', '고 말했다.', '한 비대위원장은 공천관리위원회 인선과 관련해 공천은 두 가지다.', '하나는 그 과정이 공정하고 멋져보여야 하고 또 하나는 내용이 이기는 공천이어야 한다 며 두 가지를 균형있게 고려할 것이고 그것을 충분히 해낼 분을 잘 모시겠다 고 밝혔다.', '한 비대위원장은 민경우 비대위원 사퇴를 두고 인사검증 실패라는 비판이 나오는 데 대해선 더불어민주당에서 하는 말들이 너무 많다 며 지금 단계에서 제가 하나하나 반박할 필요는 없을 것 같다', '고 말했다.', '국민의힘 한동훈 비상대책위원장이 1일 국립서울현충원 김대중 전 대통령 묘역을 참배하고 있다.']",0,5.737819416448474,0.6499999999999999,0.0288904364404807
7,7,2024-01-01 17:01:12,정치,한국일보 ,김건희 특검 타격보다 거부권 역풍이 낫다... 與 고집에 담긴 셈법,https://n.news.naver.com/mnews/article/469/0000778118?sid=100,"['한동훈 총선용 악법 거듭 반대 입장 지난해 12월 15일 네덜란드 국빈 방문 일정을 마치고 귀국한 윤석열 대통령이 경기 성남 서울공항 2층 실내행사장을 통해 귀국하고 있다.', '성남 서재훈 기자 김건희 특검법 에 윤석열 대통령이 재의요구권 거부권 을 행사해서는 안 된다는 여론이 60%를 넘는 것으로 나타났다.', '중도층은 물론 보수진영에서도 부정적 여론이 상당하다.', '하지만 정부·여당은 거부권을 강조하며 요지부동이다.', '왜 이처럼 민심에 역행하는 무리수를 두려는 것일까.', 'TK 등 보수세 강한 지역서도 거부권 행사 부적절 여론 높아 1일 공개된 중앙일보·한국갤럽 여론조사를 보면 ‘김 여사 주가조작 의혹 관련 특검법에 대한 윤 대통령의 거부권 행사 필요성’을 묻는 질문에 65%가 ‘거부권을 행사하지 말아야 한다’고 답했다.', '반면 ‘거부권을 행사해야 한다’는 응답은 25%로 절반에도 못 미쳤다.', '같은 날 발표된 경향신문·엠브레인퍼블릭 조사에서도 거부권 행사에 대해 ‘부적절하다’가 62%로 ‘적절하다’ 23% 또는 ‘잘 모르겠다’ 15% 는 응답을 압도했다.', '윤 대통령 지지기반인 보수층에서도 부정 여론이 우세했다.', '중앙일보·한국갤럽 조사 결과 거부권 행사에 반대하는 답변이 대구·경북 TK 에서 과반 56% 에 달했다.', '보수세가 강한 부산·울산·경남 PK 과 강원에서도 각각 65%로 집계됐다.', '경향신문·엠브레인퍼블릭 조사에서는 70세 이상을 제외한 모든 연령에서 거부권 행사가 부적절하다는 응답이 많았다.', '한동훈 국민의힘 비상대책위원장이 1일 오전 서울 여의도 중앙당사에서 열린 2024 신년인사회에서 인사말을 하고 있다.', '뉴시스 여당은 요지부동...', '특검 수용해 입는 타격보다는 낫다는 고육지책 그럼에도 정부·여당은 밀고 나갈 참이다.', '한동훈 국민의힘 비상대책위원장은 이날 김건희 특검 거부권 행사에 반대 여론이 높다는 지적에 ‘도이치 모터스 특검’이라고 용어를 바꿔 부르며 “여러 차례 총선용 악법이라고 설명했다. 그 법을 가지고 총선을 치르는 것은 국민의 눈과 귀를 가리는 것”이라고 거듭 반대 입장을 밝혔다.', '당장은 민심을 무시하는 처사로 비치지만 나름의 전략적 선택으로 볼 수도 있다.', '박상병 정치평론가는 본보 통화에서 김건희 특검은 수용하는 순간 여당이 총선 승리를 포기해야 할 정도로 여파가 클 것이기 때문에 결코 받을 수 없다 면서 특검 수사는 어디로 튈지 모른다는 것을 수사 경험이 많은 윤 대통령은 누구보다도 잘 알고 있다', '고 말했다.', '특검 수용 시 받을 타격이 너무 커서 차라리 거부권 행사로 역풍을 맞는 게 낫다는 것이다.', '한동훈 비대위 의 근본적 한계라는 평가도 있다.', '정치평론가인 이종훈 명지대 연구교수는 예상했던 수직적 당정관계가 작동하는 것 이라고 말했다.', '다만 윤 대통령이 역풍을 줄이기 위해 거부권 행사 시점에 맞춰 민심 달래기 카드를 꺼낼 것이라는 전망이 나온다.', '엄경영 시대정신연구소장은 한 위원장이 특별감찰관 임명을 위한 여야 합의를 제안하거나 대통령실에 재발 방지 대책을 촉구하는 등의 출구 전략을 구사할 가능성이 있다', '고 말했다.']",0,32.88993561640382,0.7761194029850746,0.0299064136484286
8,8,2024-01-01 16:40:01,정치,한국경제 ,특검법 반대하지만…김여사 리스크 역풍 불까 고심하는 與,https://n.news.naver.com/mnews/article/015/0004931658?sid=100,"['각종 여론조사 거부권 반대 우세에 당내선 대책 모색 움직임도 28일 서울 여의도 국회에서 열린 제411회국회 임시회 제3차본회의에서 김건희 여사 특검법 이 통과되고 있다.', '국민의힘은 이날 표결에 참여하지 않고 국회 로텐더홀에서 규탄대회를 열었다.', '사진 뉴스1 국민의힘이 김건희 여사 특검법 절대 수용 불가 방침을 고수하고 있지만 특검을 수용해야 한다는 여론이 만만치 않자 고심에 빠진 모습이다.', '한동훈 비상대책위원장은 1일 여의도 중앙당사에서 신년 인사회를 마친 뒤 기자들과 만나 여러 차례 총선용 악법이라고 설명했다 면서 특검을 가지고 총선을 치르는 것은 국민의 눈과 귀를 가리는 것 이라고 비판했다.', '도이치모터스 주가 의혹에 대한 검찰 수사가 충분히 이뤄진 사안임에도 더불어민주당이 총선용 정쟁을 일으키려는 의도로 특검법을 추진하고 있다는 논리를 재차 강조한 것이다.', '국민의힘은 윤석열 대통령이 재의요구권 거부권 을 행사하면 즉시 재표결을 통해 법안을 폐기해야 한다는 입장에 변함이 없다.', '다만 최근 발표된 각종 여론조사에서 윤 대통령이 거부권을 행사하지 말아야 한다', '는 여론이 비교적 우세한 것으로 확인되면서 당내에서는 모종의 대응 전략을 준비해야 하는 것 아니냐는 의견이 나오기 시작했다.', '중앙일보가 지난달 28 29일 한국갤럽에 의뢰해 전국 만 18세 이상 남녀 1017명을 대상으로 진행한 여론조사 표본오차 95% 신뢰수준에 ±3.1%포인트·중앙선거여론조사심의위원회 참조 에서 응답자의 65%가 거부권을 행사하지 말아야 한다', '고 답했다.', '거부권을 행사해야 한다는 답변은 25%였다.', '동아일보가 지난달 26 28일 리서치앤리서치에 의뢰해 서울 유권자 802명을 대상으로 유무선 전화 면접으로 진행한 여론조사 표본오차 95% 신뢰수준에 ±3.5%포인트·중앙선거여론조사심의위 참조 에서는 김건희 특검법 거부권 행사에 반대 가 45.7% 동의 가 31.6%로 조사됐다.', '이에 따라 당 내부에서는 김 여사를 향한 공세를 차단하고자 선제적으로 대통령 배우자를 보좌하는 제2부속실 신설이나 가족 비위를 감찰하는 특별감찰관 임명 등 대안을 추진해야 한다는 요구가 나온다.', '거부권만 행사한다면 자칫 방탄 프레임에 빠질 수 있으니 대통령실을 향한 불신을 해소할 장치도 함께 마련하는 모습을 보여야 한다는 논리다.', '안철수 국민의힘 의원은 최근 KBS라디오에 나와 거부권을 행사하면서도 동시에 많은 국민들 우려에 대해서는 영부인의 활동이 체계적으로 관리될 수 있는 대안을 제시해서 민심을 얻는 게 중요하다 고 말했다.']",0,30.63596737757325,0.7647058823529412,0.0244118802591038
9,9,2024-01-01 16:26:01,정치,국민일보 ,尹 “특검 왜 거부하나 죄 지었으니까”… 과거발언 재조명,https://n.news.naver.com/mnews/article/005/0001663538?sid=100,"['‘쌍특검법’ 거부권 행사 예고에 尹 대통령 대선 후보 시절 발언 재조명 유튜브 캡처 최근 국회를 통과한 ‘쌍특검법’에 대해 윤석열 대통령이 거부권 행사를 예고한 가운데 “특검을 왜 거부하는가 죄를 지었으니 거부하는 것”이라는 그의 과거 발언이 재조명되고 있다.', '1일 정치권에 따르면 소셜미디어 SNS 를 중심으로 윤 대통령의 2021년 특검 관련 발언이 다시금 확산하고 있다.', '이 발언은 2021년 12월 29일 경상북도 선대위 출범식에서 윤석열 당시 국민의힘 대선 후보가 대장동 특검과 고발사주 특검 공방을 두고 했던 말이다.', '당시 영상을 보면 윤 대통령은 “떳떳하면 사정기관 통해서 권력자도 조사받고 측근도 조사받고 하는 것”이라며 “특검을 왜 거부하는가. 죄를 지었으니까 거부하는 것”이라고 말했다.', '윤 대통령은 그러면서 “대장동 특검에 무슨 고발사주까지 끼워 넣자고 해서 저는 하라고 했다. 왜냐 걸릴 게 없으니까”라며 “근데 이 사람들 왜 안 합니까. 진상을 밝히고 조사를 하면 감옥에 가기 때문에 못 하는 겁니다”라고 덧붙였다.', '윤 대통령의 2년여 전 발언은 최근 국회를 통과한 ‘쌍특검법 대장동 50억 클럽·김건희 여사 특검법 ’에 대해 대통령실이 거부권 행사를 예고하며 다시 수면 위로 떠오르고 있다.', '윤 대통령 본인이 ‘죄가 없으면 특검을 수용하면 된다’는 취지의 입장을 밝혔으면서 부인인 김건희 여사 관련 특검법에는 다른 잣대를 들이미는 게 아니냐는 지적이다.', '가수 이승환 58 씨는 윤 대통령의 이 같은 모습을 겨냥해 비판하는듯한 게시글을 페이스북에 올리기도 했다.', '이승환은 지난달 30일 공연 사진을 올리면서 “세상 사는 얘기도 잠깐”이라는 메시지와 함께 윤 대통령의 대선 후보 시절 사진을 올렸다.', '사진에는 ‘특검을 왜 거부합니까. 죄지었으니까 거부하는 겁니다’라는 자막이 달려 있다.', '이승환은 이와 함께 ‘공정과 상식’이라는 해시태그도 달았다.']",0,7.34012558311224,0.6117647058823529,0.0120767697986656
10,10,2024-01-01 16:17:09,정치,머니투데이 ,D100 총선 사활 건 여야…연초부터 특검법 정면충돌 불가피,https://n.news.naver.com/mnews/article/008/0004980509?sid=100,"['the300 한동훈 왼쪽 국민의힘 비상대책위원장과 이재명 오른쪽 더불어민주당 대표가 새해 첫 날인 1일 오전 서울 동작구 국립서울현충원을 찾아 현충탑에 분향하고 있다.', '2024.01.01. 사진 뉴시스 4·10 총선을 100일 앞둔 1일 여야는 새해를 맞아 각기 총선 필승 각오를 다졌다.', '이번 총선은 어느 때보다 여야 강대강 대치 속에 치러지는데다 제3지대 공간 확보를 노리는 세력들도 있는 만큼 선거 결과에 따라 정치권에 상당한 지각변동이 예상된다.', '윤석열 정부와 여당으로서는 이번 총선에서 소수당이란 아킬레스건을 극복하지 못하면 남은 임기 동안 국정과제 실현이 사실상 어려워진다.', '더불어민주당으로서는 정권심판론을 내세우며 이번 총선에서 승리해 정권교체의 밑작업을 해야 한다.', '여야는 연초부터 특검법 등을 놓고 극한 대결과 기싸움을 벌일 것으로 전망된다.', '이날 정치권에 따르면 윤석열 대통령은 야당이 지난달 28일 국회 본회의에서 강행처리한 쌍특검 김건희 여사·대장동 50억 클럽 특검 법안이 정부로 이송되는 대로 재의요구권 거부권 을 행사할 방침이다.', '대통령실이 그간 법안에 대한 거부권 행사에 신중한 모습을 보였던 것과는 달리 신속한 입장을 밝힌 것은 이번 쌍특검 법안이 총선을 겨냥한 정쟁용 악법이란 판단 때문이다.', '윤석열 대통령이 2024년 갑진년 새해 첫날인 1일 서울 용산 대통령실 청사에서 신년사를 발표한 뒤 인사하고 있다.', '사진 대통령실 제공 2024.01.01. 사진 뉴시스 여당은 당장 본회의가 예정된 이달 9일 재의결하자는 입장이다.', '그 전에 대통령 거부권은 행사될 것으로 보인다.', '반면 야당은 특검법 수용을 압박하는 가운데 내심 재의결 시점을 최대한 뒤로 미루려는 기류다.', '재의결 시점을 뒤로 미룰수록 총선에서 정부여당에 거부 프레임 을 씌워 공격하기 좋은데다 공천 잡음 발생시 여당 내 이탈표도 기대할 수 있어서다.', '출석의원 3분의 2 이상의 찬성이 필요한 재의결은 통상 법안 폐기를 위한 요식절차지만 이번에는 민주당이 재의결 시점 등을 놓고 최대한 여권을 압박하는 분위기다.', '민주당은 쌍특검법에 이어 이태원 참사 특별법 역시 여당의 반대에도 불구하고 오는 9일 국회 본회의에서 강행처리한다는 방침이어서 또 다른 뇌관이 될 것으로 보인다.', '참사 특별조사위원회를 설치토록 하는 이 법안은 민주당 등 야 4당 주도로 지난해 6월30일 패스트트랙 신속처리안건 으로 지정된 데 이어 지난달 29일 본회의에 부의된 상태다.', '김진표 국회의장이 특조위 구성을 전제로 특검 조항을 삭제하고 법 시행 시기를 내년 4월 총선 이후로 연기하는 중재안을 제시한 가운데 여야가 접점을 찾을 수 있느냐가 관건이다.', '여당은 이태원 참사 피해자 지원과 재발 방지에 초점을 맞춰야 한다는 입장으로 특조위 구성을 전제로 한 김 의장 중재안에 여전히 반대하는 입장이다.', '야당은 지난 21일과 28일 본회의 상정에 두 차례 실패한 만큼 여야간 합의가 안 되더라도 9일 민주당 안으로 특별법을 상정하겠다고 벼르고 있다.', '이준석 가운데 전 국민의힘 대표가 새해 첫 날인 1일 오전 서울 동작구 국립서울현충원을 찾아 참배하기 위해 이동하고 있다.', '2024.01.01. 사진 뉴시스 아울러 거대양당을 중심으로 하는 양 진영에서 탈당과 신당 창당 움직임이 가속화되고 있어 제3지대가 총선 판도에 미칠 영향에도 이목이 쏠린다.', '이준석 전 국민의힘 대표는 탈당 후 보수 개혁정당을 표방하는 가칭 개혁신당 창당을 1월 중순까지 마무리한다는 계획이다.', '이낙연 전 국무총리는 이날 경기 고양시 행주산성에서 지지자들과 산행을 겸한 신년 인사회를 갖고 국민들께 양자택일이 아닌 새로운 선택지를 드려야한다 며 신당 창당을 공식화했다.', '금태섭 전 의원과 류호정 정의당 의원 등의 새로운 선택 민주당을 탈당한 양향자 의원의 한국의 희망 등도 이번 총선을 노리고 세력화 중이다.', '양당 대결 체제에 실망을 느끼는 국민들이 증가하면서 각종 여론조사에서 무당층이 30% 이상으로 집계되는 가운데 현재 난립하고 있는 제3세력이 빅텐트 를 펼치며 연합할 경우 새로운 선택지로 떠오를 가능성도 배제할 수 없다.', '이 경우 국민의힘과 민주당의 총선 전략에도 차질이 생긴다.', '따라서 여야가 연초 선거구 획정을 놓고 협상을 벌이는 과정에서 제3지대 견제를 위해 일정 부분 담합에 나설 가능성도 거론된다.', '대부분의 신당이 지역구보다는 비례대표를 통한 원내 진출을 노리기 때문에 현행 준영동형 비례대표제 가 아닌 병립형 으로 회귀할 경우 신당의 영향력이 제한될 수밖에 없다.']",2,41.34859944134951,0.6933333333333334,0.0167687794657667
11,11,2024-01-01 16:14:01,정치,노컷뉴스 ,이재명 김건희 특검 거부권에 尹 신년인사회 불참 검토,https://n.news.naver.com/mnews/article/079/0003848509?sid=100,"['핵심요약 민주당 거부권 관련 대통령실서 너무 명확한 입장…그 부분 굉장히 실망스러워 윤창원 기자 더불어민주당 이재명 대표가 올해 윤석열 대통령 주재 신년인사회에 불참하는 방안을 검토 중이다.', '윤 대통령이 지난달 28일 국회를 통과한 김건희 여사 특검법에 거부권을 행사하겠다는 방침을 밝힌 것에 대한 항의 성격이다.', '민주당 권칠승 수석대변인은 1일 경남 김해시 봉하마을에서 이 대표 정세균 전 국무총리 권양숙 여사와의 식사 자리 후 기자들과 만나 이같이 전했다.', '권 수석대변인은 거부권과 관련해 대통령실에서 너무 명확한 입장을 밝혔고 그 부분이 굉장히 실망스럽기 때문에 신년인사회 참가를 재검토해야 하는 게 아니냐는 의견이 있었다', '고 설명했다.', '다만 아직 결정이 난 건 아니라고도 덧붙였다.', '앞서 민주당은 지난달 21일 대통령실로부터 신년인사회 초청장이 오자 이 대표를 비롯한 당 지도부가 참석하겠다는 뜻을 밝힌 바 있다.', '※CBS노컷뉴스는 여러분의 제보로 함께 세상을 바꿉니다.']",1,2.4697194769978523,0.5714285714285714,0.011707694347429
12,12,2024-01-01 16:05:09,정치,연합뉴스 ,與 특검법은 반대지만…김여사 리스크 역풍 불까 노심초사,https://n.news.naver.com/mnews/article/001/0014419701?sid=100,"['각종 여론조사 거부권 반대 우세에 당내선 대책 모색 움직임도 특별감찰관 임명·제2부속실 신설 요구 나와… 별개 사안 반대 목소리 여전 김건희 여사 특검법 국회 통과 서울 연합뉴스 이정훈 기자 28일 국회 본회의에서 김건희 여사 특검법이 통과되고 있다.', '국민의힘은 대장동 50억 클럽 특검법 표결 전 퇴장했다.', '2023.12.28 uwg806 yna.co.kr 서울 연합뉴스 최평천 기자 국민의힘이 김건희 여사 특검법 절대 수용 불가 방침을 고수하고 있지만 특검을 수용해야 한다는 여론이 만만치 않자 고심에 빠진 모습이다.', '당내에서는 총선용 악법 으로 규정한 특검법은 거부하더라도 이른바 여사 리스크 를 덜어낼 대안을 국민에게 제시해 역풍을 최소화해야 한다는 목소리도 나온다.', '한동훈 비상대책위원장은 1일 여의도 중앙당사에서 신년 인사회를 마친 뒤 기자들과 만나 여러 차례 총선용 악법이라고 설명했다 면서 특검을 가지고 총선을 치르는 것은 국민의 눈과 귀를 가리는 것 이라고 비판했다.', '도이치모터스 주가 의혹에 대한 검찰 수사가 충분히 이뤄진 사안임에도 더불어민주당이 총선용 정쟁을 일으키려는 의도로 특검법을 추진하고 있다는 논리를 재차 강조한 것이다.', '국민의힘은 윤석열 대통령이 재의요구권 거부권 을 행사하면 즉시 재표결을 통해 법안을 폐기해야 한다는 입장에 변함이 없다.', '다만 최근 발표된 각종 여론조사에서 윤 대통령이 거부권을 행사하지 말아야 한다', '는 여론이 비교적 우세한 것으로 확인되면서 당내에서는 모종의 대응 전략을 준비해야 하는 것 아니냐는 의견이 나오기 시작했다.', '중앙일보가 지난달 28 29일 한국갤럽에 의뢰해 전국 만 18세 이상 남녀 1천17명을 대상으로 진행한 무선 전화면접 여론조사 표본오차 95% 신뢰수준에 ±3.1%포인트·중앙선거여론조사심의위원회 참조 에서 응답자의 65%가 거부권을 행사하지 말아야 한다', '고 답했다.', '거부권을 행사해야 한다는 답변은 25%였다.', '동아일보가 지난달 26 28일 리서치앤리서치에 의뢰해 서울 유권자 802명을 대상으로 진행한 여론조사 표본오차 95% 신뢰수준에 ±3.5%포인트·중앙선거여론조사심의위 참조 에서는 김건희 특검법 거부권 행사에 반대 가 45.7% 동의 가 31.6%로 조사됐다.', '조사는 유·무선 전화면접으로 이뤄졌다.', '설상가상으로 야권은 김 여사의 명품 가방 수수 의혹을 놓고 공세의 고삐를 점점 죄고 있다.', '이에 따라 당 내부에서는 김 여사를 향한 공세를 차단하고자 선제적으로 대통령 배우자를 보좌하는 제2부속실 신설이나 가족 비위를 감찰하는 특별감찰관 임명 등 대안을 추진해야 한다는 요구가 나온다.', '거부권만 행사한다면 자칫 방탄 프레임에 빠질 수 있으니 대통령실을 향한 불신을 해소할 장치도 함께 마련하는 모습을 보여야 한다는 논리다.', '국민의힘 안철수 의원은 최근 KBS라디오에 나와 거부권을 행사하면서도 동시에 많은 국민들 우려에 대해서는 영부인의 활동이 체계적으로 관리될 수 있는 대안을 제시해서 민심을 얻는 게 중요하다 고 말했다.', '하지만 특별감찰관 임명 등이 특검법과 별개의 사안인 만큼 연계해서는 안 된다는 목소리도 만만치 않다.', '당 관계자는 연합뉴스와 통화에서 특검을 거부하는 것만이 아니라 다른 방법도 고민해야 한다는 당내 의견이 있다 면서도 특검은 과거의 일에 대한 것이고 특별감찰관 등의 제도는 미래에 대한 일이기 때문에 같이 묶일 수는 없다', '고 말했다.']",1,37.57021563500166,0.787878787878788,0.0283269630934877
13,13,2024-01-01 16:01:01,정치,한국일보 ,총선 투표에 고려하겠다... 김건희 특검 51% 이재명 재판 48% 한국일보 신년 여론조사,https://n.news.naver.com/mnews/article/469/0000778109?sid=100,"['김건희 특검 은 40대에 영향 이재명 재판 은 6070세대와 20대 영향 이재명 더불어민주당 대표가 단식 투쟁 중이던 지난해 9월 13일 오전 서울 여의도 국회 당대표실에 앉아 있다.', '뉴시스 김건희 여사 특검과 이재명 더불어민주당 대표 재판이라는 여야의 사법리스크가 4월 총선에서 유권자의 선택에 상당한 영향을 미칠 변수로 부각됐다.', '특히 지지 정당 후보를 아직 정하지 못한 무당층은 이 대표 재판보다 김건희 특검의 향배에 더 민감한 반응을 드러냈다.', '김건희 특검법의 경우 국회를 통과했더라도 윤석열 대통령의 재의요구권 거부권 행사가 남아있어 이후 재의결 절차까지 지켜봐야 하는 상황이지만 여론은 이미 총선과 연결시켜 인식하고 있다.', '한국일보가 한국리서치에 의뢰해 실시한 신년 여론조사에 따르면 총선에서 정당과 후보를 선택하는데 김건희 여사 특검법과 수사를 고려하겠습니까 라는 질문에 절반이 넘는 51%가 고려할 것 33% 매우 고려 18% 대체로 고려 이라고 답했다.', '고려하지 않을 것 이라는 응답은 45%로 집계됐다.', '같은 질문을 이재명 대표 재판 결과 로 바꿔서 물었더니 고려할 것 매우 고려 28% 대체로 고려 20% 과 고려하지 않을 것 이라는 답변이 각각 48%로 나왔다.', '여야가 맞닥뜨린 두 사법 이슈 모두 총선에서 투표 의향을 가진 유권자에게 비중있는 판단 준거로 작용하는 셈이다.', '총선 투표에 해당 이슈를 얼마나 고려할 것인가 의견.', '그래픽 강준구 기자 다만 연령에 따라 온도차가 났다.', '김건희 특검 진행상황을 투표에 고려할 것이라는 응답은 40대에서 65%로 가장 많았다.', '이어 30대 59% 20대 53% 50대 50% 순이었다.', '반면 이 대표 재판을 지켜보며 투표 정당과 후보를 정하겠다는 응답은 60대가 54%로 집계됐고 20대 52% 70대 이상 51% 30대 50% 50대 48% 가 뒤를 이었다.', '김건희 특검은 민주당 이 대표 재판은 국민의힘 지지층이 거세게 공격하는 사안이다.', '다만 이념 성향이 양쪽에 치우치지 않고 스스로 중도 라고 답한 응답자로 좁혀보면 61%가 김건희 특검 49%가 이 대표 재판을 총선에서 고려할 이슈로 꼽았다.', '총선에서 지지할 정당 후보를 정하지 않았다', '는 부동층 유권자의 경우 김건희 특검은 56% 이 대표 재판은 48%가 감안할 변수라고 답했다.', '중도 성향 유권자와 부동층의 표심에 이 대표 재판보다 김건희 특검이 좀 더 파급력을 가진 셈이다.', '정한울 한국사람연구원장은 김건희 특검을 시행해야 한다는 요구가 크지만 이에 못지않게 이 대표에 대한 수사와 재판을 지켜보겠다는 여론 또한 만만치 않다 며 이 대표가 향후 유죄 판결을 받을 경우 유권자들은 민주당을 등질 가능성이 높다 고 분석했다.']",2,24.1445896178484,0.6933333333333334,0.0151123465609191
14,14,2024-01-01 16:00:16,정치,MBC ,MBC여론조사① 국정운영 잘못한다 59%‥특검 거부권 동의 안 해 64%,https://n.news.naver.com/mnews/article/214/0001321889?sid=100,"['MBC가 새해를 맞아 실시한 여론조사에서 응답자의 35%가 윤석열 대통령의 국정 운영에 대해 긍정적으로 평가했고 59%가 부정적으로 평가했습니다.', '구체적으로는 매우 잘하고 있다 13% 잘하는 편이다 22% 잘못하는 편이다 22%였으며 매우 잘못하고 있다 가 38%로 가장 높았습니다.', '연령별로 살펴보면 70대 이상에서는 긍정 66%로 부정 32% 보다 높았고 50대 이하에서는 모든 연령층에서 부정 평가가 압도적으로 높았습니다.', '60대의 경우 긍정과 부정이 각각 49%로 팽팽하게 나타났습니다.', '지역별로 보면 대구·경북에서 긍정 56% 부정 40%로 응답해 전국에서 유일하게 긍정 평가가 부정 평가보다 높았습니다.', '윤석열 대통령이 김건희 여사 주가조작 의혹 특검법에 대해 거부권 행사 방침을 밝힌 것과 관련해 응답자의 64%가 거부권 행사에 동의하지 않는다', '고 답해 동의한다 31%보다 두 배 이상 높게 나타났습니다.', '김건희 여사가 재미 목사로부터 명품 가방을 받은 의혹과 관련해서는 김건희 여사의 청탁금지법 위반에 대한 규명이 중요하다 가 62%로 몰래카메라를 사용한 취재윤리 위반에 대한 규명이 중요하다 30% 보다 두 배 이상 높았습니다.']",0,1.9454905474558477,0.5652173913043478,0.0139431084397481
15,15,2024-01-01 15:24:22,정치,MBC ,한동훈 김건희 특검 질문에 도이치 특검‥국민 눈·귀 가리는 악법,https://n.news.naver.com/mnews/article/214/0001321887?sid=100,"['한동훈 국민의힘 비상대책위원장 한동훈 국민의힘 비상대책위원장은 이른바 김건희 여사 주가조작 의혹 특검법 에 대한 대통령의 거부권 행사와 관련해 여러차례 왜 그것이 총선용 악법인지를 설명드렸다 며 그런 법들로 총선을 치르는 것은 국민의 눈과 귀를 가리는 것으로 동의하지 않는다 고 밝혔습니다.', '한 위원장은 오늘 낮 여의도 중앙당사에서 기자들과 만나 김건희 여사 특검법 거부권 행사에 대한 반대 여론이 높다', '는 질문을 받자 김건희 특검 대신 도이치 모터스 특검 이라는 표현을 쓰며 이같이 말했습니다.', '한 위원장은 민경우 전 비상대책위원이 노인 폄하 발언으로 임명 하루만에 사퇴한 것과 관련해서는 굉장히 부적절한 발언이 있었고 저도 그 점에 대해서는 전혀 동의할 수 없는 발언이어서 대한노인회장께도 따로 사과의 말씀을 드렸다', '고 말했습니다.', '다만 더불어민주당이 인사검증의 실패 라고 비판한 데 대해서는 민주당이 저에 대해 너무 말씀이 많고 말들이 점점 세지던데 하나하나 반박할 필요는 없을 것 같다 고 일축했습니다.', '공천관리위원회 구성 시한이 열흘 앞으로 다가온 것과 관련해서는 공천은 그 과정이 공정하고 또 멋져보여야 하며 그 내용이 이기는 공천이어야 한다 며 그것을 충분히 해내 주실 분을 신중하게 잘 고르겠다 고 덧붙였습니다.']",1,5.623050620779395,0.6582278481012659,0.0217693542846479
16,16,2024-01-01 15:05:59,정치,MBN ,한동훈 특검법 국민 눈과 귀를 가리는 총선용 악법,https://n.news.naver.com/mnews/article/057/0001790238?sid=100,"['韓 도이치 특검 이라 표현… 대장동 수사 마비시키려는 의도 커 민경훈 노인비하 논란 대해서는 동의하지 않는 발언…언행 신중해야 한동훈 국민의힘 비상대책위원장.', '사진 연합뉴스 한동훈 국민의힘 비상대책위원장이 김건희 여사 특검법 도이치모터스 주가조작 의혹 진상규명을 위한 특검법 을 총선용 악법 이라고 주장하며 재차 특검 반대 입장을 밝혔습니다.', '한 위원장은 오늘 1일 서울 영등포구 국민의힘 중앙당사에서 신년 인사회를 마친 뒤 기자들과 만나 김건희 특검 대신 도이치 특검 이라고 표현하며 이는 여러 차례 총선용 악법이라고 설명했다', '고 비판했습니다.', '한 위원장은 그 법을 가지고 총선을 치르는 것은 국민의 눈과 귀를 가리는 것 이라며 현재 대장동 특검도 올라와 있는 상황 이라며 총선 전에 대장동 수사와 재판을 사실상 마비시키려는 의도가 다분하다고 지적했습니다.', '이어 민경우 비대위원이 노인 비하 발언 논란으로 사퇴한 것을 두고는 과거 굉장히 부적절한 발언이 있었고 동의하지 않는 발언이어서 노인회장에게 따로 사과 말씀을 드렸다', '고 말했습니다.', '공석이 된 비대위원을 추가로 인선할지에 대해서는 상징성을 보여줄 사람이 있으면 모시고 그렇지 않으면 안 모실 수 있다 고 말했습니다.', '김형동 비대위원장 비서실장에 대해 본인은 한국노총 출신에 배우자는 중국 국적 장인이 중국 공산당 간부 출신 이라며 극우 유튜버 중심으로 정체성 문제 제기가 된 것에 대해서도 입장을 밝혔습니다.', '한 위원장은 국민의힘은 자유 민주주의 정당이고 다양한 생각과 다양한 배경을 가진 사람들이 최대한 많이 모일 때 오히려 강해지고 국민에게 설득력 있는 정당이 된다', '고 말했습니다.']",2,5.214511222206056,0.6499999999999999,0.0289718491832407
17,17,2024-01-01 14:23:11,정치,헤럴드경제 ,한동훈 ‘김건희 특검’ 질문에 “도이치 특검은 총선용 악법”,https://n.news.naver.com/mnews/article/016/0002245969?sid=100,"['“대장동 특검 수사와 재판 사실상 마비시켜” 신년인사회 “동료시민에 대한 선의 정교한 정책 실천 한동훈 국민의힘 비상대책위원장이 1일 서울 여의도 중앙당사에서 열린 신년인사회에서 인사말을 하고 있다.', '연합 헤럴드경제 이승환 기자 한동훈 국민의힘 비상대책위원장은 1일 ‘김건희 특검’ 거부권 행사에 반대 여론이 높다는 기자들의 질문에 ‘김건희 특검’ 대신 ‘도이치 특검’이라는 표현을 쓰며 “그 법을 가지고 총선을 치르는 것은 국민의 눈과 귀를 가리는 것”이라고 밝혔다.', '한 위원장은 이날 여의도 중앙당사에서 열린 당 신년 인사회를 마치고 기자들과 만나 “도이치 특검 역시 여러 차례 총선용 악법이라고 설명했다”며 이같이 말했다.', '그러면서 “지금 대장동 특검도 같이 올라와 있는데 총선 전에 대장동 수사와 재판을 사실상 마비시키려는 의도가 너무 보이는 법”이라고 비판했다.', '한 위원장은 민경우 비대위원이 ‘노인 비하’ 발언 논란으로 사퇴한 것에 대해 “과거 굉장히 부적절한 발언이 있었고 제가 동의하지 않는 발언이어서 노인회장에게 따로 사과 말씀을 드렸다”고 말했다.', '이어 “출발에서 좀 안타까운 일이 생기는데 저희가 앞으로 더 언행에 신중하고 그럼에도 불구하고 할 일을 더 열심히 잘하겠다”고 다짐했다.', '공석이 된 비대위원을 추가로 인선할지에 대해선 “차차 생각해보겠다”며 “상징성을 보여줄 사람이 있으면 모시고 그렇지 않으면 안 모실 수 있다”고 말했다.', '한 위원장은 김형동 비대위원장 비서실장에 대해 ‘본인은 한국노총 출신에 배우자가 중국 국적 장인이 중국 공산당 간부 출신’이라며 극우 유튜버들 중심으로 정체성 문제 제기가 된 것을 두고도 입장을 밝혔다.', '그는 “국민의힘은 자유민주주의 정당이고 다양한 생각과 다양한 배경을 가진 사람들이 최대한 많이 모일 때 오히려 강해지고 국민에게 설득력 있는 정당이 된다”고 말했다.', '앞서 한 위원장은 신년인사회에서 ‘정책 실천’을 강조했다.', '그는 “국민의힘은 국민 모두에게 동료 의식을 실천하는 당으로 거듭나겠다”며 “100일 남은 국민의 선택을 앞두고 동료 시민에 대한 계산 없는 선의를 정교한 정책으로 준비해서 실천하겠다”고 말했다.', '그러면서 동료 시민에 대한 선의를 정책으로 실천하겠다는 각오를 밝히면서 “국민들이 그 마음을 그 실천을 그리고 상대 당과의 차이를 정확하게 알아보시리라 확신한다 ”고 말했다.']",2,5.70874700974673,0.6753246753246753,0.0241553815859406
18,18,2024-01-01 14:19:05,정치,한겨레 ,‘김건희 특검법’ 70대 이상만 빼고 “거부권 행사 말라”,https://n.news.naver.com/mnews/article/028/0002670912?sid=100,"['경향신문·중앙일보 새해 여론조사…‘거부권 행사 부적절’ 각각 62%·65% 2022년 7월말 북대서양조약기구 NATO·나토 정상회의 참석을 위해 스페인으로 향하는 대통령 전용기 안에서 자료 검토 중인 윤석열 대통령과 김건희 여사.', '대통령실 제공 새해 여론조사에서 ‘김건희 여사 특검법’에 대한 윤석열 대통령의 거부권 행사가 부적절하다는 여론이 60% 넘게 나타났다.', '1일 경향신문의 새해 여론조사 결과를 보면 ‘김건희 여사 특검법에 대한 대통령의 거부권 행사하는 것에 대해 어떻게 생각하느냐’는 질문에 ‘ 적절하다’는 응답은 23% ‘부적절하다’는 응답은 62% 로 집계됐다.', '‘잘 모르겠다’는 응답은 15%였다.', '경향신문은 “세대별로 보면 70대 이상을 제외하고 모든 세대에서 ‘적절’ 의견보다 ‘부적절’ 의견이 오차범위 밖으로 우세했다”고 전했다.', '지지 정당별로 국민의힘 지지층의 51%는 거부권 행사가 적절하다고 응답했고 부적절하다는 응답은 28%였다.', '더불어민주당 지지층은 4%만 적절하다고 답하고 87%는 부적절하다고 응답했다.', '정의당 지지층의 13%는 ‘적절하다’ 65%는 ‘부적절하다’고 답한 것으로 나타났다.', '중앙일보의 여론조사에서도 ‘김건희 여사의 주가조작 의혹 관련 특검법에 대한 윤석열 대통령의 거부권 행사 필요성’을 묻자 응답자의 65%가 ‘거부권을 행사하지 말아야 한다’고 답했다.', '반면 ‘거부권을 행사해야 한다’는 25%였다.', '중앙일보는 “연령별로 70살 이상을 제외한 모든 연령대에서 ‘거부권을 행사하지 말아야 한다’는 응답이 50% 이상이었다”고 전했다.', '야당은 윤석열 대통령의 부인 김건희 여사가 도이치모터스 주가조작 범죄에 가담했다는 의혹을 특검 수사로 규명하자고 주장하지만 여당은 “총선용 정략적 특검”이라고 맞서고 있다.', '지난해 12월28일 열린 국회 본회의에서 더불어민주당과 정의당 등 야당은 ‘김건희 여사 특검법’을 통과시켰다.', '그러나 대통령실은 바로 법안 이송 즉시 거부권 재의요구권 을 행사하겠다고 밝혔다.', '※새해 여론조사 어떻게 진행됐나 경향신문 엠브레인퍼블릭 2023년 12월29 30일 1001명 대상 무선 전화면접 방식으로 진행.', '응답률은 15.2% 표본오차는 95% 신뢰수준에 ±3%포인트 중앙일보 한국갤럽 조사 2023년 12월 28 29일 1017명 대상 휴대전화 가상번호 전화면접조사 방식으로 진행.', '응답률은 14.6% 표본오차는 95% 신뢰수준에 ±3.1%포인트 자세한 내용은 중앙선거여론조사심의위원회 누리집에서 볼 수 있다.']",1,26.27981961145997,0.6753246753246753,0.023069019267316
19,19,2024-01-01 14:16:30,정치,뉴스1 ,대권주자 첫 우위 한동훈…새해 첫 과제 여전히 김건희 특검법,https://n.news.naver.com/mnews/article/421/0007264972?sid=100,"['차기 대통령 선호도 조사서 24%…이재명 22% 오차범위 내 앞서 특검법 거부권 행사 반대 65%…70세이상 외 전 연령대 부정적 한동훈 국민의힘 비상대책위원장 왼쪽 과 이재명 더불어민주당 대표가 1일 오전 서울 동작구 국립서울현충원을 찾아 현충탑에 분향하고 있다.', '2024.1.1 뉴스1 ⓒ News1 민경석 기자 서울 뉴스1 노선웅 김정률 기자 차기 대통령 선호도 조사에서 한동훈 국민의힘 비상대책위원장이 처음으로 이재명 더불어민주당 대표를 오차범위 내 앞선 것으로 조사된 가운데 한 위원장의 새해 첫 과제는 여전히 김건희 특검법 김건희 여사 도이치모터스 주가 조작 의혹 관련 특검법 처리가 될 전망이다.', '일찍이 한 위원장은 이를 총선용 악법 이라며 비판해왔지만 야당의 단독 처리로 대통령의 재의요구권 거부권 행사만이 남은 상황에서 국민 65%가 거부권 행사를 반대한다는 여론조사 결과가 나와 이에 대한 압박은 계속될 것으로 보인다.', '1일 한 위원장은 서울 여의도 국민의힘 중앙당사에서 신년 인사회 직후 기자들과 만나 김건희 특검법 거부권 행사와 관련해 여론의 우려가 크다', '는 지적에 대장동 특검법 도 올라와 있지 않냐.', '그건 총선 전 수사와 재판을 마비시키겠단 의도가 보이는 법이고 도이치모터스 특검 역시 여러 차례 왜 그게 총선용 악법인지 설명 드렸다 며 그런 법만 가지고 총선을 치르는 건 국민의 눈과 귀를 가리는 것이다.', '저는 동의하지 않는다', '고 말했다.', '앞서 한 위원장은 지난달 29일 쌍특검법 김건희·대장동 특검법 이 야당 단독으로 국회를 통과된 직후에도 기자들과 만나 거부권은 국민을 위해서 당연한 것 이라고 밝힌 바 있다.', '또 한 위원장은 이후 절차에 대해 당에서 잘 논의 후 결정하겠다며 대통령에게 거부권 행사를 건의하겠다는 뜻을 시사했다.', '하지만 김건희 특검법 관련 대통령 거부권 행사에 대한 여러 여론조사 결과 거부권을 행사하지 말아야 한다', '는 답변이 행사해야 한다', '는 답변보다 크게 높은 것으로 나타나 이 같은 여론을 고려하지 않을 수 없다는 관측이 나온다.', '여론조사 전문업체 한국갤럽이 중앙일보 의뢰로 지난해 12월 28 29일까지 전국 만18세 이상 남녀 1017명을 대상으로 실시한 여론조사에선 응답자의 65%가 거부권을 행사하지 말아야 한다고 답변한 반면 행사해야 한다는 25%였다.', '연령별로 70세 이상을 제외한 모든 연령대에서 거부권을 행사하지 말아야 한다는 응답이 50% 이상이었다.', '지역별로는 전 지역에서 거부권 행사에 대한 부정적 응답이 높았다.', '대구·경북 TK 에서도 거부권을 행사하지 말아야 한다는 응답이 56%였다.', '또 여론조사기관 엠브레인퍼블릭이 경향신문 의뢰로 지난해 12월 29일 30일 전국 18세 이상 성인 1001명에게 물은 여론조사에서도 거부권 행사가 적절하다는 응답은 23% 부적절하다는 응답은 62%로 나타났다.', '‘잘 모르겠다’는 응답은 15%였다.', '세대별는 70대 이상을 제외하고 모든 세대에서 적절 의견보다 부적절 의견이 오차범위 밖으로 우세했다.', '권역별로는 대구·경북을 제외한 모든 지역에서 부적절 의견이 50%를 넘었다.', '대구·경북에서는 부적절 의견 48% 이 적절 36% 의견보다 오차범위 밖에서 우세했다.', '한동훈 국민의힘 비상대책위원장이 1일 오전 서울 여의도 국민의힘 중앙당사에서 열린 2024년 신년인사회에서 인사말을 하고 있다.', '2024.1.1 뉴스1 ⓒ News1 임세영 기자 이에 같은 시기 차기 대통령 선호도 관련 여론조사에서 이재명 민주당 대표를 오차범위 내 제치고 1위를 기록한 한 위원장이 여론의 압박으로 김건희 특검법에 대한 스탠스가 달라질 여지가 있다는 주장이다.', '한국갤럽이 중앙일보 의뢰로 실시한 같은 조사에서 차기 대통령 지지율에서 한 위원장은 24% 이 대표는 22%를 각각 기록했다.', '이들은 한국갤럽 조사에서 지난해 9월 이후 1 2위를 차지했지만 한 위원장이 이 대표를 앞선 것은 이번이 처음이다.', '특히 서울과 대전·세종·충청 등 캐스팅 보트이자 무당층이 많은 지역에서 한 위원장이 근소한 차이로 앞서는 결과가 나오면서 이러한 여론을 고려하지 않을 수 없다는 분석이다.', '신율 명지대 정치외교학과 교수는 김건희 특검법을 털고 가지 않으면 총선에서 이기기 힘들다 며 대통령실 거부 방침에도 한 위원장이 이를 받아 들이겠다는 식으로 주장 해야한다 며 그렇지 않고 대통령실 입장을 따라가면 한 위원장의 입지가 좁아진다 고 말했다.', '이어 신 교수는 지금으로 봐서는 가능성이 조금은 있다고 생각한다.', '윤석열 대통령도 지금 이 상태로는 아무것도 안 된다는 것을 알 것 이라고 부연했다.', '여기에 이재명 민주당 대표가 대통령실이 김건희 특검법에 대해 거부 방침을 밝힌 것을 두고 윤 대통령이 주재하는 신년인사회에 참석하지 않는 방안도 고려하고 있는 것으로 알려져 이 같은 상황이 한 위원장의 결단에 영향을 미칠지도 주목된다.', '그럴 경우 새해부터 이를 둘러싼 여야 관계는 급랭할 것으로 보인다.', '아울러 민주당은 여야 합의가 안 될 경우 오는 9일 열릴 국회 본회의에서 이태원 참사 특별법 의 단독 처리도 벼르고 있어 여야 관계는 더욱 수렁에 빠질 전망이다.', '한편 이 기사에 인용된 여론조사의 자세한 사항은 중앙여론조사심의원회 홈페이지를 참조하면 된다.']",0,49.201359428465366,0.8125,0.0376812428896738
20,20,2024-01-01 13:47:36,정치,채널A ,한동훈 “도이치 특검은 국민 눈과 귀 가리는 것”,https://n.news.naver.com/mnews/article/449/0000264893?sid=100,"['한동훈 국민의힘 비상대책위원장이 오늘 1일 오전 서울 여의도 국민의힘 중앙당사에서 열린 2024년 신년인사회에서 인사말을 하고 있다.', '사진 뉴스1 한동훈 국민의힘 비상대책위원장이 오늘 1일 국회 본회의를 통과한 이른바 쌍특검법 에 대해 그런 법만 가지고 총선을 치르는 건 국민의 눈과 귀를 가리는 것 이라며 동의하지 않는다 고 밝혔습니다.', '한 비대위원장은 오늘 오전 신년인사회 직후 기자들과 만나 도이치 특검은 여러 차례 왜 총선용 악법인지 설명드렸다 며 이같이 밝혔습니다.', '노인 비하 발언 으로 사퇴한 민경우 비대위원에 대해선 과거 발언과 관련해 분명히 부적절한 발언이었다 면서도 저희가 앞으로 언행에 더 신중하고 그럼에도 불구하고 할 일을 더 열심히 잘 하겠다', '고 설명했습니다.', '한 위원장은 공관위원장 인선 기준에 대해 공천은 두 가지 라며 공천하는 과정이 공정하고 멋져 보여야 한다 내용이 이기는 공천이어야 한다', '고 말했습니다.', '그러면서 그 두 가지를 균형있게 고려해 그것을 충분히 해낼 사람을 신중하게 찾겠다 고 덧붙였습니다.', '비대위원 추가 인선 계획에 대해선 차차 생각해보겠다 며 상징성을 보여드릴 분이 있으면 모시고 그렇지 않으면 안 모실 수도 있다', '고 말했습니다.']",0,9.896278077736495,0.6666666666666667,0.0272132219402458
21,21,2024-01-01 13:44:02,정치,프레시안 ,김건희 특검법에 尹 거부권 행사 말아야 65%…거부권 행사해야 25%,https://n.news.naver.com/mnews/article/002/0002313914?sid=100,"['윤석열 대통령이 김건희 특검법 에 대해 거부권을 행사하지 말아야 한다는 응답률이 60%를 넘어섰다는 복수의 여론조사 결과가 나왔다.', '한국갤럽이 중앙일보 의뢰로 지난해 12월 28 29일 전국 성인 유권자 1017명을 대상으로 실시한 여론조사에서 김건희 여사의 주가조작 의혹 관련 특검법에 대한 윤석열 대통령의 거부권 행사 필요성 을 묻는 말에는 응답자의 65%가 거부권을 행사하지 말아야 한다고 답변했다.', '거부권을 행사해야 한다 응답률은 25%였다.', '이 조사에서 윤 대통령의 국정 운영 긍정평가는 37% 부정 평가는 60%였다.', '엠브레인퍼블릭이 경향신문 의뢰로 지난해 12월 29 30일 전국 성인 유권자 1001명에게 김건희 여사 특검법에 대해 대통령의 거부권을 행사하는 것에 대해 어떻게 생각하느냐 고 물은 결과 부적절하다', '는 응답률은 62%로 나타났다.', '적절하다', '는 응답률은 23%였고 잘 모르겠다', '는 응답률은 15%였다.', '이 조사에서 윤 대통령이 직무를 잘 수행하고 있는지에 대해 29%가 긍정 평가한 것으로 나타났고 49%로 부정 평가한 것으로 나타났다.', '어느 쪽도 아니다는 18% 모름·무응답은 4%였다.', '기사에 언급된 여론조사의 자세한 사항은 중앙선거여론조사심의위원회 홈페이지를 참조하면 된다.', '네덜란드를 국빈 방문한 윤석열 대통령의 부인 김건희 여사가 13일 현지시간 암스테르담 시내 공연장에서 열린 답례 문화 공연에서 공연자들을 격려하고 있다.']",2,1.6384709011763334,0.5777777777777777,0.0147271651357137
22,22,2024-01-01 13:33:30,정치,중앙일보 ,김건희 특검 묻자 한동훈 도이치 특검은 총선용 악법,https://n.news.naver.com/mnews/article/025/0003332287?sid=100,"['한동훈 국민의힘 비상대책위원장이 1일 오전 서울 영등포구 국민의힘 중앙당사에서 열린 2024 신년인사회에 참석하고 있다.', '뉴시스 한동훈 국민의힘 비상대책위원장은 1일 김건희 특검 거부권 행사에 대한 반대 여론이 높다는 지적에 도이치 특검은 여러 차례 총선용 악법이라고 설명했다', '고 반응했다.', '한 위원장은 이날 서울 영등포구 국민의힘 중앙당사에서 신년 인사회를 마친 뒤 관련 질문이 나오자 김건희 특검 대신 도이치 특검 이라고 표현하며 그 법을 가지고 총선을 치르는 것은 국민의 눈과 귀를 가리는 것 이라고 거듭 특검 반대 입장을 밝혔다.', '그러면서 지금 대장동 특검도 같이 올라와 있는데 총선 전에 대장동 수사와 재판을 사실상 마비시키려는 의도가 너무 보이는 법 이라고 주장했다.', '민경우 비대위원이 노인 비하 발언 논란으로 사퇴한 것을 두고는 과거 굉장히 부적절한 발언이 있었고 동의하지 않는 발언이어서 노인회장에게 따로 사과 말씀을 드렸다', '고 말했다.', '민 위원 사퇴를 두고 인사검증 실패라는 비판이 나오는 데 대해선 더불어민주당에서 하는 말들이 너무 많다 며 지금 단계에서 제가 하나하나 반박할 필요는 없을 것 같다 고 했다.', '한 위원장은 공관위원장 인선 기준에 대해 공천은 두 가지다.', '공천하는 과정이 공정하고 멋져 보여야 한다.', '내용이 이기는 공천이어야 한다 며 그 두 가지를 균형 있게 고려해 그것을 충분히 해낼 사람을 신중하게 찾겠다 고 밝혔다.', '공석이 된 비대위원을 추가로 인선할지에 대해선 차차 생각해보겠다 며 상징성을 보여줄 사람이 있으면 모시고 그렇지 않으면 안 모실 수 있다 고 답했다.', '한 위원장은 김형동 비대위원장 비서실장에 대해 본인은 한국노총 출신 배우자는 중국 국적 장인은 중국 공산당 간부 출신 이라며 극우 유튜버들 중심으로 정체성 문제 제기가 된 것을 두고도 입장을 밝혔다.', '그는 국민의힘은 자유민주주의 정당이고 다양한 생각과 다양한 배경을 가진 사람들이 최대한 많이 모일 때 오히려 강해지고 국민에게 설득력 있는 정당이 된다', '고 말했다.']",3,29.17496240139008,0.7647058823529412,0.0347602771960862
23,23,2024-01-01 13:30:01,정치,대전일보 ,한동훈 김건희 아닌 도이치 특검 강조…총선용 악법 비판,https://n.news.naver.com/mnews/article/656/0000074675?sid=100,"['한동훈 국민의힘 비상대책위원장과 윤재옥 원내대표 등 참석자들이 1일 서울 여의도 중앙당사에서 열린 신년인사회에서 떡 케이크를 자르고 있다.', '사진 연합뉴스 한동훈 국민의힘 비상대책위원장이 공관위원장 인선 기준을 언급했다.', '또 김건희 특검 에 대한 자신의 생각을 밝혔다.', '한 위원장은 1일 신년 인사회를 마친 뒤 기자들과 만나 공천은 두 가지다.', '공천하는 과정이 공정하고 멋져 보여야 한다.', '내용이 이기는 공천이어야 한다', '고 말했다.', '이어 그 두 가지를 균형 있게 고려해 그것을 충분히 해낼 사람을 신중하게 찾겠다 고 밝혔다.', '한 위원장은 김건희 특검법 거부권 행사에 반대 여론이 높다는 질문에 김건희 특검 대신 도이치 특검 이라는 표현을 썼다.', '그는 도이치 특검 역시 여러 차례 총선용 악법이라고 설명했다.', '그 법을 가지고 총선을 치르는 것은 국민의 눈과 귀를 가리는 것 이라고 비판했다.', '이어 지금 대장동 특검도 같이 올라와 있는데 총선 전에 대장동 수사와 재판을 사실상 마비시키려는 의도가 너무 보이는 법 이라고 지적했다.']",1,3.1660278541967277,0.6499999999999999,0.0209978409313761
24,24,2024-01-01 13:15:04,정치,세계일보 ,‘김건희 특검’ 관련 질문 ‘도이치 특검’으로 대답한 한동훈,https://n.news.naver.com/mnews/article/022/0003890194?sid=100,"['“총선용 악법으로 국민의 눈과 귀 가리는 것” 국민의힘 한동훈 비상대책위원장이 김건희 여사 특검에 대해 ‘김건희 특검’ 대신 ‘도이치 특검’이라고 언급하며 “국민의 눈과 귀를 가리는 것”이라고 주장했다.', '국민의힘 한동훈 비상대책위원장이 1일 국립서울현충원을 참배하고 있다.', '연합뉴스 한 위원장은 1일 여의도 중앙당사에서 신년 인사회를 마친 뒤 기자들과 만나 ‘김건희 특검’ 거부권 행사에 대한 반대 여론이 높다는 질문에 이 같이 답했다.', '한 위원장은 “도이치 특검 역시 여러 차례 총선용 악법이라고 설명했다.', '그 법을 가지고 총선을 치르는 것은 국민의 눈과 귀를 가리는것”이라며 “지금 대장동 특검도 같이 올라와 있는데 총선 전에 대장동 수사와 재판을 사실상 마비시키려는 의도가 너무 보이는 법”이라고 비판했다.', '한 위원장은 민경우 비대위원이 노인 비하 발언 논란으로 사퇴한 것에 대해선 “과거 굉장히 부적절한 발언이 있었고 제가 동의하지 않는 발언이어서 노인회장에게 따로 사과 말씀을 드렸다”고 말했다.', '이어 “출발에서 좀 안타까운 일이 생기는데 저희가 앞으로 더 언행에 신중하고 그럼에도 불구하고 할 일을 더 열심히 잘하겠다”고 했다.', '공석이 된 비대위원을 추가로 인선할지에 대해선 “차차 생각해보겠다”며 “상징성을 보여줄 사람이 있으면 모시고 그렇지 않으면 안 모실 수 있다”고 말했다.']",0,2.030019737780094,0.6190476190476191,0.0221731792468907
25,25,2024-01-01 12:48:01,정치,매일신문 ,한동훈 김건희 특검법 국민 눈과 귀 가리는 것…공정하고 멋지게 이기는 공천해야,https://n.news.naver.com/mnews/article/088/0000854763?sid=100,"['국민의힘 한동훈 비상대책위원장이 1일 국립서울현충원을 참배하고 있다.', '연합뉴스 국민의힘 한동훈 비상대책위원장은 1일 공천은 두 가지다.', '공천하는 과정이 공정하고 멋져 보여야 한다.', '내용이 이기는 공천이어야 한다 라고 말하며 앞으로의 방향성을 제시했다.', '한 비대위원장은 이날 오전 서울 여의도 중앙당사에서 열린 2024 국민의힘 신년인사회 후 기자들과 만난 후 내년 총선 공천과 관련해 이 두 가지를 균형 있게 고려할 것이고 그것을 충분히 해내 주실 수 있는 분을 신중하게 고르겠다 며 이같이 말했다.', '그는 반대여론이 높은 김건희 여사 특검법 거부권 행사에 대해선 그 특검 말고도 대장동 50억 클럽 특검도 올라와 있다.', '총선 전에 대장동 특검 수사와 재판을 마비시키겠다는 의도가 보이는 법 이라며 도이치모터스 특검 역시 여러 차례 왜 총선용 악법인지 설명했다.', '그런 법을 통과시키고 그런 법만 가지고 총선을 치르는 것은 국민의 눈과 귀를 가리는 것으로 동의하지 않는다', '고 목소리를 높였다.', '한 비대위원장은 노인 비하 발언으로 민경우 비대위원이 자진 사퇴한 것과 관련해선 과거 발언과 관련해서 부적절한 발언이 있었고 저도 그에 대해 절대 동의할 수 없는 발언 이라며 노인협회장에게도 따로 사과 말씀을 드렸다.', '앞으로 더 언행에 신중하겠다 고 했다.', '민주당에서 민 전 비대위원 사퇴가 인사 검증 실패 라고 지적하는 것에 대해서 그는 저에 대해 민주당에서 하는 말이 너무 많다 며 말이 점점 세지고 있다.', '지금 단계에서 하나하나 반박할 순 없을 것 같다 고 전했다.', '아울러 한 비대위원장은 비서실장인 김형동 국민의힘 의원이 과거 한국노동조합총연맹 한국노총 출신이며 배우자가 중국 국적 장인이 중국 공산당 간부 출신이라는 일각의 지적에 대해서도 입을 열었다.', '그는 국민의힘은 자유민주주의 정당이고 다양한 생각과 다양한 배경을 가진 분들이 최대한 많이 모일 때 강해지고 국민에게 설득력 있는 집단이 된다 고 강조했다.', '한 위원장은 전국 시도당 신년 인사회 참석 일정과 관련해선 국민의힘은 전국 정당으로 각각의 지역에서 생생한 목소리를 듣고 거기에 맞는 정교한 정책을 보여 드려야 하기에 지방을 다니는 것은 너무나 당연한 일 이라고 덧붙였다.']",0,12.920740708708763,0.6499999999999999,0.0185392728476994
26,26,2024-01-01 12:37:03,정치,이데일리 ,한동훈 김건희 특검법 국민 눈과 귀 가리는 것…동의 못 해,https://n.news.naver.com/mnews/article/018/0005646948?sid=100,"['한동훈 비대위원장 신년인사회 후 기자들과 만남 과정이 멋있는 공천 이기는 공천해야 노인비하 민경우 사퇴에 언행 신중할 것 이데일리 이상원 기자 한동훈 국민의힘 비상대책위원장은 1일 김건희 특검법과 관련해 “여러 차례 왜 총선용 악법인지 설명했다. 그런 법을 통과시키고 그런 법만 가지고 총선을 치르는 것은 국민의 눈과 귀를 가리는 것으로 동의하지 않는다”고 밝혔다.', '한동훈 국민의힘 비상대책위원장이 1일 오전 서울 여의도 국민의힘 중앙당사에서 열린 2024년 신년인사회에서 인사말을 하고 있다.', '사진 뉴스1 한 비대위원장은 이날 오전 서울 여의도 중앙당사에서 열린 ‘2024 국민의힘 신년인사회’ 후 기자들과 만나 “그 특검 말고도 대장동 50억 클럽 특검도 올라와 있다. 총선 전에 대장동 특검 수사와 재판을 마비시키겠다는 의도가 보이는 법”이라며 이같이 말했다.', '그는 내년 총선 공천과 관련해 “공천하는 과정이 멋져 보여야 하고 이기는 공천이어야 한다”며 “이 두 가지를 균형 있게 고려할 것이고 그것을 충분히 해내 주실 수 있는 분을 신중하게 고르겠다”고 역설했다.', '한 비대위원장은 ‘노인 비하’ 발언으로 민경우 비대위원이 자진 사퇴한 것과 관련해선 “과거 발언과 관련해서 부적절한 발언이 있었고 저도 그에 대해 절대 동의할 수 없는 발언”이라며 “노인협회장에게도 따로 사과 말씀을 드렸다. 앞으로 더 언행에 신중하겠다”고 했다.', '민주당에서 민 전 비대위원 사퇴가 ‘인사 검증 실패’라고 지적하는 것에 대해서 그는 “저에 대해 민주당에서 하는 말이 너무 많다”며 “말이 점점 세지고 있다. 지금 단계에서 하나하나 반박할 순 없을 것 같다”고 전했다.', '아울러 한 비대위원장의 비서실장인 김형동 국민의힘 의원이 과거 한국노동조합총연맹 한국노총 출신이라는 일각의 의견에 대해서 그는 “국민의힘은 자유민주주의 정당이고 다양한 생각과 다양한 배경을 가진 분들이 최대한 많이 모일 때 강해지고 국민에게 설득력 있는 집단이 된다”고 강조했다.', '아울러 그는 2일부터 예정된 전국 순회 일정과 관련해선 “국민의힘은 전국 정당으로 각각의 지역에서 생생한 목소리를 듣고 거기에 맞는 정교한 정책을 보여 드려야 하기에 지방을 다니는 것은 너무나 당연한 일”이라고 덧붙였다.']",1,3.723883320577442,0.6582278481012659,0.0231161897864761
27,27,2024-01-01 12:11:03,정치,뉴시스 ,한동훈 김건희 특검 반대… 국민 눈과 귀 가리는 것,https://n.news.naver.com/mnews/article/003/0012295599?sid=100,"['공천 과정과 내용 중요…잘 해낼 분 모실 것 서울 뉴시스 고범준 기자 한동훈 국민의힘 비상대책위원장이 1일 오전 서울 영등포구 국민의힘 중앙당사에서 열린 2024 신년인사회에서 인사말을 하고 있다.', '2024.01.01. bjko newsis.com 서울 뉴시스 홍세희 김경록 기자 한동훈 국민의힘 비상대책위원장은 1일 국회 본회의를 통과한 이른바 쌍특검법 김건희.대장동 특검 에 대해 그런 법만 갖고 총선을 치른다는 것은 국민의 눈과 귀를 가리는 것 이라고 밝혔다.', '한 비대위원장은 이날 오전 여의도 당사에서 열린 신년인사회 직후 기자들과 만나 특검과 관련해서는 여러차례 말씀 드렸다', '고 말했다.', '그는 대장동 특검은 총선 전에 대장동 수사와 재판을 사실상 마비시키겠다는 의도가 눈에 보인다 며 도이치 특검도 왜 그것이 총선용 악법인지 여러차례 설명했다', '고 말했다.', '한 비대위원장은 공천관리위원회 인선과 관련 공천은 두 가지다.', '하나는 그 과정이 공정하고 멋져보여야 하고 또 하나는 내용이 이기는 공천이어야 한다 며 두 가지를 균형있게 고려할 것이고 그것을 충분히 해낼 분을 잘 모시겠다', '고 말했다.', '한편 한 비대위원장은 새해를 맞아 대전과 대구 광주 등 전국 주요 도시를 돌며 민심 챙기기에 나선다.']",1,15.276615474373102,0.6753246753246753,0.0317478930898733
28,28,2024-01-01 12:08:04,정치,아시아경제 ,가수 이승환 특검 왜 거부합니까…尹대통령 사진 업로드,https://n.news.naver.com/mnews/article/277/0005361380?sid=100,"['‘공정과 상식’ 해시태그 가수 이승환 58 씨가 김건희 특별법 거부권 행사 입장을 밝힌 윤석열 대통령을 비판하는 뉘앙스의 메시지를 사회관계망서비스 SNS 에 올렸다.', '이승환은 지난달 30일 페이스북에 공연 사진을 올리면서 “세상 사는 얘기도 잠깐”이라는 메시지를 남긴 채 윤 대통령의 대선 후보 시절 사진을 올렸다.', '사진에는 대선 후보 시절 “특검을 왜 거부합니까. 죄지었으니까 거부하는 겁니다”라고 말하는 윤 대통령의 모습이 담겼다.', '이승환은 이와 함께 ‘공정과 상식’이라는 해시태그도 달았다.', '사진 출처 이승환 SNS 이는 대통령실이 김건희 특검법에 대해 거부권 행사 방침을 정한 것에 대해 과거 윤 대통령의 후보 시절 발언을 차용해 비판한 것으로 풀이된다.', '앞서 더불어민주당이 지난달 28일 윤 대통령의 부인 김건희 여사의 주가 조작 의혹 대장동 50억 클럽 의혹 특검법 등 ‘쌍특검법’을 야당 단독으로 통과시키자 용산 대통령실은 다음날 법안이 정부로 이송되는 대로 즉각 거부권을 행사할 것이라고 밝힌 바 있다.', '이승환 이미지출처 연합뉴스 연예계 대표적 친야권 인물인 이승환은 윤 대통령 당선 직후인 지난해 4월 조국 전 법무부 장관이 SNS에 올린 “조국 가족에 대한 ‘윤석열 잣대’를 윤석열 가족과 윤 정부 인사에게 적용하라”는 내용을 갈무리해 페이스북에 게재한 바 있다.', '당시에도 그는 ‘공정과 상식’ 문구를 덧붙였다.', '또 지난 9월에도 조국 전 장관의 ‘디케의 눈물’과 조 전 장관의 딸 조민 씨의 ‘오늘도 나아가는 중입니다’', '책 두 권을 나란히 소개하기도 했다.', '앞서 윤 대통령이 2020년 당시 검찰 총장으로 직무를 복귀했을 때는 “세상이 모두 너희 발밑이지 ”라고 날을 세우며 관련 기사를 업로드하기도 했다.', '당시 이승환은 다른 게시물을 통해 “우리는 승리한다. 꺾이지 아니한다”는 글과 고 노무현 대통령을 추모하는 행사 ‘봉하 음악회’에서 ‘태양의 노래’를 부르는 자신의 무대 영상을 게재했다.', '이승환은 앞서 ‘박근혜 정권 국정농단 촛불집회’나 검찰개혁 촉구 집회에 참여하는 등 자신의 목소리를 적극적으로 내왔다.']",2,4.275386918336153,0.5777777777777777,0.008670605292549
29,29,2024-01-01 11:41:08,정치,한겨레 ,이재명 윤 대통령 신년회 불참 검토…‘김건희 특검’ 거부 방침에,https://n.news.naver.com/mnews/article/028/0002670897?sid=100,"['윤석열 대통령이 지난 10월31일 국회에서 2024년도 예산안 및 기금운용계획안 시정 연설 전 이재명 더불어민주당 대표와 인사하고 있다.', '연합뉴스 이재명 더불어민주당 대표가 오는 3일 청와대 영빈관에서 열리는 윤석열 대통령 주재 신년인사회에 불참하는 것을 검토하고 있다.', '대통령실이 지난 28일 통과된 ‘김건희 여사 특검법’ 도이치모터스 주가조작 의혹 진상규명을 위한 특검법 에 대한 재의요구권 거부권 방침을 곧바로 밝힌 데 따른 항의로 풀이된다.', '1일 민주당 지도부 관계자는 “야당에 대한 존중도 없이 특검법이 통과되자마자 대통령실에서 거부권을 얘기하는 상황에서 신년인사회에 맞냐는 의견이 지도부 내부에서 있었다”며 “내일 2일 안에 논의해 참석 여부를 결정할 것”이라고 했다.', '대통령실이 특검 거부권 행사 방침을 미리 밝힌 만큼 불참 명분은 충분하다는 것이 민주당 지도부의 중론이다.', '특검법을 함께 발의한 정의당이 지난달 30일 불참 의사를 밝힌 것도 이러한 기조에 힘을 실었다.', '민주당은 지난달 21일 이 대표가 대통령실 신년인사회에 초청받아 참석하기로 했다고 밝혔다.', '이 대표 쪽은 “야당 지도자로서 국민 통합과 경제 회복을 외치고 있는 만큼 이 대표도 만남을 피할 이유가 없다”고 설명했다.', '이 대표는 지난해 1월2일 대통령실이 개최한 신년인사회에는 이메일로 초청장을 보내온 점 등을 이유로 들어 불참했다.', '이 대표가 신년인사회에 참석하지 않는 것으로 최종 결정을 내린다면 여야 관계는 더욱 냉랭해질 것으로 보인다.', '민주당은 여야 합의가 안 될 경우 오는 9일 국회 본회의에서 ‘이태원 참사 특별법’의 단독 처리도 벼르고 있다.']",1,4.414769789204001,0.5652173913043478,0.0089377599396522
30,30,2024-01-01 10:59:07,정치,디지털타임스 ,당정지지율 도로 하방압력…한동훈 효과 김건희 특검·인사 잡음에 상쇄,https://n.news.naver.com/mnews/article/029/0002846567?sid=100,"['리얼미터 12월4주차 尹지지율 주간집계…긍정 3주 만 반등한 37.2% 부정 59.6% 일간집계는 韓 비대위원장 발표후 고점 용산 야당 김건희 특검법 공방속 하락 일부 비대위원 막말전력도 논란…민주 43.6% 국힘 38.1% 격차 도로 늘기도 지난 2023년 12월29일 서울 여의도 국회 더불어민주당 대표실에 취임인사차 내방한 한동훈 오른쪽 국민의힘 비상대책위원장이 이재명 민주당 대표 쪽을 보며 발언하고 있다.', '연합뉴스 사진 윤석열 대통령과 국민의힘 지지율이 지난 2023년 마지막 주에도 탄력을 받지 못했다.', '당초 한동훈 국민의힘 비상대책위원장 등판 효과가 점쳐졌지만 거대야당의 김건희 특검법 단독처리와 대통령실의 즉각 거부권 행사 발표로 이어진 정쟁 일부 비대위원 지명자의 막말 논란에 희석된 것으로 보인다.', '리얼미터가 2024년 첫날 1일 공표한 12월4주차 주간집계 에너지경제신문 의뢰·지난해 12월 26 29일·전국 성인남녀 2007명·표본오차 95% 신뢰수준 ±2.2%포인트·무선 97% 유선 3% 전화RDD ARS방식·응답률 3.0%·자세한 사항 리얼미터 홈페이지 참조 를 보면 윤 대통령 국정수행에 대한 긍정평가는 지난주대비 0.9%포인트 반등한 37.2%로 나타났다.', '부정평가는 1.2%포인트 내린 59.6%다.', '이는 정당지지율 설문이 포함되지 않은 대통령 국정평가다.', '지난 한 해 윤 대통령 지지율은 6월 다섯째 주 기준 42%까지 올랐으나 하반기 30% 중후반대에 머물렀다.', '이번 주간집계에서 국정지지도는 권역별 인천·경기 32.2%→38.6% 서울 33.0%→36.3% 등 수도권에서 오르고 대전·세종·충청 40.3%→32.7% 부산·울산·경남 45.3%→40.2% 광주·전라 17.1%→14.7% 에서 내렸다.', '성별로 여성에서 1.8%포인트 올랐 37.3%→39.1% 고 연령대별 40대 22.3→29.3% 에서 비교적 크게 상승했지만 부정평가가 69.3%로 7할에 달했다.', '국정지지율은 30대 29.7%→33.6% 에서도 소폭 상승했지만 50대 32.8%→29.9% 와 70대 이상 56.7%→54.9% 60대 50.1%→49.1% 등 장·노년층에선 내렸다.', '이념성향 보수층 59.9%→61.3% 중도층 32.8%→34.0% 에선 소폭 올랐다.', '윤석열 대통령 국정수행 긍정평가는 2023년 12월4주차 주간집계 기준으론 소폭 상승했지만 일간집계 기준 12월 27 29일 으론 전반적으로 하락했다.', '리얼미터 홈페이지 자료 다만 일간집계에선 지지율 하방압력이 보였다.', '국민의힘이 한동훈 비대위원장 추천을 발표 12월21일 하기 전후 긍정평가는 20일 33.0%까지 내렸다가 22일 39.7%로 급반등했다.', '하지만 이번주 27일 37.8% 부정 58.6% 28일 긍정 35.9% 부정 60.8% 순으로 내렸다가 29일 36.6% 부정 60.6% 로 횡보했다.', '한 비대위원장 취임 전날 25일 대통령실과 여당은 비공개 고위당정협의에서 김건희 특검법 절대 반대 를 못박았다.', '더불어민주당·정의당은 28일 국회 본회의에서 이재명 당대표가 수사·재판을 받고 있는 대장동 개발비리 의혹 관련 추가 특검법 이른바 50억 클럽 특검법 2010 2012년 무렵 도이치모터스 주가조작 사건에 김건희 여사가 연루됐다는 의혹을 제기한 특검법을 단독 의결했다.', '소위 쌍특검법 이 국회에서 처리된 지 10분 만에 대통령실은 대통령 거부권 법률안 재의요구권 행사 방침을 내 충돌했다.', '28일엔 한 비대위원장이 인선한 지명직 비대위원 8인 인선이 발표됐는데 29일 비대위원 인선안이 통과하기까지 일부 위원의 과거 발언 논란이 제기됐다.', '극좌파 586 운동권 출신에서 보수로 전향한 시민운동가 민경우 당시 비대위원은 유튜브 활동으로 남아있던 노년세대 비하성 발언 반일 反日 영화를 주사파 식 으로 맹비판한 발언 등이 28 29일 보도됐다.', '30일 그는 비대위원직을 내려놨다.', '리얼미터의 2023년 12월4주차 정당지지도 집계 결과 주간 변화 그래프.', '자세한 사항은 리얼미터 홈페이지 또는 중앙선거여론조사심의위원회 홈페이지 참조.', '리얼미터 홈페이지 자료 리얼미터가 이날 함께 공표한 정당지지도 조사 지난 28 29일·성인남녀 1006명·표본오차 95%신뢰수준 ±3.1%포인트·무선 97% 유선 3% 전화RDD ARS방식·응답률 2.9%·중앙선거여론조사심의위원회 홈페이지 참조 에서도 국민의힘은 2주 전 36.7%까지 내렸다가 39.0%로 반등했고 이번주 0.9%포인트 내린 38.1%로 나타났다.', '민주당은 같은 기간 44.7→41.6→43.6%로 하락 후 반등했다.', '정의당은 1.5%포인트 내린 1.6% 무당층은 11.2%로 각각 집계됐다.']",3,15.788743749260902,0.5909090909090909,0.0085852659224876
31,31,2024-01-01 10:21:19,정치,뉴스1 ,국민 65% 김건희 특검법 거부권 행사 반대…尹 지지율 37%,https://n.news.naver.com/mnews/article/421/0007264417?sid=100,"['거부권 행사 70세 이상 제외하면 전 연령대 부정적 윤석열 대통령이 28일 경기 연천군에 위치한 육군 제5보병사단을 방문해 군인 가족과 간담회를 하고 있다.', '대통령실 제공 2023.12.28 뉴스1 ⓒ News1 안은나 기자 서울 뉴스1 김정률 기자 집권 3년 차를 맞은 윤석열 대통령의 국정 운영에 대한 긍정 평가는 37%인 것으로 조사됐다.', '여론조사 전문업체 한국갤럽이 중앙일보 의뢰로 지난해 28 29일까지 전국 만18세 이상 남녀 1017명을 대상으로 실시한 여론조사에서 윤 대통령의 국정 운영 긍정평가는 37% 부정 평가는 60%였다.', '지역별는 보수세가 강한 대구·경북에서만 긍정평가 51% 가 부정평가 43% 를 앞섰다.', '수도권에선 서울 긍정 37% 부정 59% 과 인천·경기 긍정 33% 부정 64% 모두 부정평가가 높았다.', '연령대별로는 60대 52% 와 70세 이상 65% 에서 긍정평가가 더 높았다.', '50대 긍정 32% 부정 66% 와 40대 긍정 27% 부정 72% 30대 긍정 22% 부정 75% 20대 18 29세.', '긍정 26% 부정 69% 에선 모두 부정평가 비율이 긍정평가의 두 배를 넘었다.', '김건희 여사의 주가조작 의혹 관련 특검법에 대한 윤석열 대통령의 거부권 행사 필요성 을 묻는 말에는 응답자의 65%가 거부권을 행사하지 말아야 한다고 답변했다.', '반면 거부권을 행사해야 한다는 25%였다.', '연령별로 70세 이상을 제외한 모든 연령대에서 거부권을 행사하지 말아야 한다는 응답이 50% 이상이었다.', '지역별로는 전 지역에서 거부권 행사에 대한 부정적 응답이 높았다.', '대구·경북 TK 에서도 거부권을 행사하지 말아야 한다는 응답이 56%였다.', '경향신문이 여론조사기관 엠브레인퍼블릭에 의뢰해 지난 12월 29일 30일 전국 18세 이상 성인 1001명에게 윤 대통령이 직무를 잘 수행하고 있는지 물은 결과 29%가 긍정 평가한 것으로 나타났다.', '부정 평가는 49%로 절반에 가까웠다.', '어느 쪽도 아니다가 18% 모름·무응답이 4%로 나타났다.', '연령대별로는 18 29세와 30·40·50대에선 긍정 평가가 10 20%대를 기록했다.', '반면 60대에선 46% 70대 이상에선 59%였다.', '부정 평가는 30·40·50대에서 각각 52% 71% 62%로 과반이었다.', '권역별로는 대구·경북 46% 강원 41% 에서 긍정 평가가 높았다.', '부정 평가는 광주·전라 73% 서울 52% 경기·인천 54% 에서 과반이었다.', '김건희 여사 특검법에 대한 대통령의 거부권 행사하는 것에 대해 어떻게 생각하느냐 고 물은 결과 적절하다는 응답은 23% 부적절하다는 응답은 62%로 나타났다.', '‘잘 모르겠다’는 응답은 15%였다.', '세대별는 70대 이상을 제외하고 모든 세대에서 적절 의견보다 부적절 의견이 오차범위 밖으로 우세했다.', '20대에서 적절 대 부적절 의견은 10% 대 64% 30대에서는 16% 대 67% 40대 14% 대 78%였다.', '부적절 의견 비율은 50대부터 다시 내림세를 보였다.', '50대에서는 적절 대 부적절이 22% 대 69% 60대 39% 대 50%였다.', '권역별로 보면 대구·경북을 제외한 모든 지역에서 부적절 의견이 50%를 넘었다.', '서울에서 적절 대 부적절이 21% 대 64% 경기·인천에서 17% 대 67%였다.', '대구·경북에서는 부적절 의견 48% 이 적절 36% 의견보다 오차범위 밖에서 우세했다.', '한편 이 기사에 인용된 여론조사의 자세한 사항은 중앙여론조사심의원회 홈페이지를 참조하면 된다.']",1,6.137498330324888,0.6117647058823529,0.0192750561719588
32,32,2024-01-01 10:19:06,정치,뉴시스 ,국민 65% 김건희 특검 거부권 안돼…보수텃밭 TK도 56%가 반대,https://n.news.naver.com/mnews/article/003/0012295325?sid=100,"['서울 뉴시스 고범준 기자 28일 오후 서울 여의도 국회에서 열린 제411회국회 임시회 제3차 본회의에서 대통령 배우자 김건희의 도이치모터스 주가조작 의혹 진상규명을 위한 특별검사 임명 등에 관한 법률안에 대한 수정안이 가결되고 있다.', '2023.12.28. bjko newsis.com 서울 뉴시스 김지은 기자 유권자 10명 중 6 7명은 윤석열 대통령의 김건희 여사 특별검사도입 법안 거부권 행사가 부적절하다고 인식한다는 여론조사 결과가 1일 나왔다.', '한국갤럽이 중앙일보 의뢰로 조사한 결과에 따르면 ‘김건희 여사의 주가조작 의혹 관련 특검법에 대한 윤석열 대통령의 거부권 행사 필요성 을 묻는 말에 응답자의 65%가 거부권을 행사하지 말아야 한다', '고 답했다.', '반면 거부권을 행사해야 한다', '는 응답은 25%로 나타났다.', '연령별로 보면 70세 이상을 제외한 모든 연령대에서 부적절하다는 응답이 50% 이상이었다.', '30대에서 대통령 거부권 반대 의견이 84%로 가장 높았다.', '지역별로는 전 지역에서 거부권 행사 에 대한 부정적 응답이 높았고 그중에서도 광주·전라 81% 가 가장 높았다.', '보수 텃밭인 대구·경북 TK 에서도 거부권을 행사하지 말아야 한다', '는 응답이 56%였다.', '부산·울산·경남 65% 과 강원 65% 에서도 부정 여론이 높았다.', '이번 조사는 지난달 28 29일 전국 만 18세 이상 남녀 1017명을 대상으로 휴대전화 가상번호 전화면접조사 방식으로 이뤄졌다.', '응답률은 14.6% 표본오차는 95% 신뢰수준에서 ±3.1%p다.', '엠브레인퍼블릭이 경향신문 의뢰로 조사한 결과에서도 김건희 특검법에 대한 거부권 행사에는 60% 이상이 부정적으로 봤다.', '지난달 29일 30일 전국 18세 이상 성인 1001명에게 물은 결과 적절하다', '는 응답은 23% 부적절하다', '는 응답은 62%로 집계됐다.', '잘 모르겠다', '는 응답은 15%였다.']",0,25.895502768456936,0.6933333333333334,0.0192591076723219
33,33,2024-01-01 07:33:01,정치,kbc광주방송 ,민주당 지도부 2년 연속 尹신년인사회 불참..김건희 특검법 거부 항의,https://n.news.naver.com/mnews/article/660/0000052580?sid=100,"['더불어민주당 지도부 사진 연합뉴스 더불어민주당 지도부가 지난해에 이어 올해도 윤석열 대통령이 주재하는 신년인사회 불참을 검토하고 있는 것으로 알려졌습니다.', '지난달 28일 윤 대통령이 국회 본회의를 통과한 김건희 특검법 에 재의요구권 행사 방침을 밝힌 데 대한 항의 성격으로 보입니다.', '민주당 측은 당초 신년인사회 참석을 계획했으나 특검법 거부권 행사를 시사한 마당에 대통령 주재 행사에 가는 게 맞느냐는 논쟁이 있었다', '고 전했습니다.', '결정을 바꾼 것은 아니나 논의가 더 필요하다', '는 입장입니다.', '윤 대통령이 신년인사회 전에 거부권 행사를 하지 않더라도 특검법 거부 계획을 분명히 한 만큼 지도부 내부에선 불참 명분을 갖췄다는 목소리가 나오고 있는 것으로 알려졌습니다.', '앞서 민주당은 지난달 21일 대통령실에서 보낸 신년인사회 초청장과 관련해 이재명 대표를 비롯한 지도부의 참석 의사를 밝혔습니다.']",1,5.238983199000359,0.5842696629213483,0.0133909155510562
34,34,2024-01-01 05:00:01,정치,중앙일보 ,김건희 특검 거부권 안돼 65% 운동권 특권정치 청산 52% 중앙일보 신년 여론조사,https://n.news.naver.com/mnews/article/025/0003332246?sid=100,"['지난 28일 야당 주도로 국회 본회의를 통과한 이른바 ‘김건희 특검법’에 대해 “윤석열 대통령이 거부권을 행사하지 말아야 한다”는 여론이 약 3분의 2 수준으로 나타났다.', '네덜란드 국빈 방문 일정을 마친 윤석열 대통령과 부인 김건희 여사가 14일 현지시간 암스테르담 스히폴 공항에서 귀국하기 전 전용기인 공군 1호기에서 손들어 인사하고 있다.', '연합뉴스 중앙일보가 한국갤럽에 의뢰해 실시한 조사에서 ‘김건희 여사의 주가조작 의혹 관련 특검법에 대한 윤석열 대통령의 거부권 행사 필요성’을 묻는 말에 응답자의 65%가 ‘거부권을 행사하지 말아야 한다’고 답했다.', '반면 ‘거부권을 행사해야 한다’는 25%였다.', '야당은 김 여사가 2009 2012년 도이치모터스 주가조작 범죄에 가담했다는 의혹을 특검 수사로 규명하자고 주장하지만 여당은 “총선용 정략적 특검”이라고 반발하고 있다.', '김경진 기자 연령별로 70세 이상을 제외한 모든 연령대에서 ‘거부권을 행사하지 말아야 한다’는 응답이 50% 이상이었다.', '정당 지지도에서 국민의힘 37% 이 민주당 32% 을 앞섰던 30대에서 ‘대통령 거부권 반대’ 의견이 84%로 가장 높았다.', '윤석열 대통령에 대한 지지세가 확고한 70세 이상 연령대에서도 ‘거부권을 행사해야 한다’ 47% 와 ‘거부권을 행사하지 말아야 한다’ 37% 는 의견이 엇갈렸다.', '지역별로는 전 지역에서 ‘거부권 행사’에 대한 부정적 응답이 높았고 그중에서도 광주·전라 81% 가 가장 높았다.', '‘보수의 심장’으로 불리는 대구·경북 TK 에서도 ‘거부권을 행사하지 말아야 한다’는 응답이 56%였다.', '부산·울산·경남 65% 과 강원 65% 에서도 부정 여론이 높았다.', '김경진 기자 ‘권력 특권층이 된 80년대 운동권 출신 정치인들을 청산해야 한다’는 주장에 대해선 ‘매우 공감한다’ 30% ‘어느 정도 공감한다’ 22%를 합쳐 공감한다 가 52%였다.', '‘별로 공감하지 않는다’와 ‘전혀 공감하지 않는다’는 각각 19% 둘을 합쳐서 38%였다.', '앞서 한동훈 국민의힘 비상대책위원장은 지난 26일 취임사에서 “386 30대·80년대 학번·60년대생 이 486 586 686이 되도록 대대손손 국민 위에 군림하고 가르치려 드는 운동권 특권 정치를 청산해야 한다” 고 주장했다.', '지역별로는 강원과 제주를 제외한 지역에서 ‘공감한다’는 응답이 더 높았다.', '특히 민주당 강세 지역인 광주·전라에서도 ‘공감한다’가 51%로 절반을 넘었다.', '40대 53% 와 50대 55% 등 민주당 지지성향이 강한 연령대에서도 ‘운동권 청산’에 공감한다는 비율이 높게 나타났다.', '김경진 기자 반면 현 정부의 주요 요직을 검찰 출신들이 장악한 ‘검찰 공화국’이 된 것이 문제라는 주장에 대해 얼마나 공감하냐 는 질문에 공감한다 는 답변이 58% ’', '공감하지 않는다‘는 답변이 37%였다.', '‘공감한다’는 답변은 40대 68% 와 50대 69% 에서 비교적 높았고 국민의힘의 전통적 지지층으로 평가돼 온 60대에서도 49%로 나타났다.', '또한 모든 지역에서 ‘공감한다’는 답변이 ‘공감하지 않는다’는 응답보다 높았다.', '김주원 기자 집권 3년 차를 맞는 윤석열 대통령 국정 운영 긍정평가는 37% 부정 평가는 60%였다.', '‘대통령으로서의 직무를 잘 수행하고 있다고 보느냐’는 질문에 대해 ‘매우 잘하고 있다’는 응답은 12% ‘잘하고 있는 편이다’는 응답은 24%였다.', '반면에 매우 잘못하고 있다', '는 38% ‘잘못하고 있는 편이다’는 22%였다.', '‘모름·응답거절’은 3%였다.', '지역별로 보면 대구·경북에서만 긍정평가 51% 가 부정평가 43% 를 앞섰다.', '수도권에선 서울 긍정 37% 부정 59% 과 인천·경기 긍정 33% 부정 64% 모두 부정평가가 높았다.', '연령대별로는 60대 52% 와 70세 이상 65% 에서만 긍정평가가 더 높았다.', '50대 긍정 32% 부정 66% 와 40대 긍정 27% 부정 72% 30대 긍정 22% 부정 75% 20대 18 29세.', '긍정 26% 부정 69% 에선 모두 부정평가 비율이 긍정평가의 두 배를 넘었다.', '여론조사 어떻게 진행했나 이번 조사는 중앙일보가 한국갤럽에 의뢰해 2023년 12월 28 29일 전국의 만 18세 이상 남녀 1017명을 대상으로 휴대전화 가상번호 전화면접조사 방식으로 진행했다.', '응답률은 14.6%이며 2023년 11월 행정안전부 주민등록 인구 기준으로 성별·연령별·지역별 가중값 셀가중 을 부여했고 표본오차는 95% 신뢰 수준에서 최대 ±3.1%포인트다.']",0,18.233914544805884,0.6842105263157895,0.0211036346565396
35,35,2024-01-01 04:08:17,정치,국민일보 ,정부견제론·金 특검법·李 리스크·신당 파괴력… 선거판 흔든다,https://n.news.naver.com/mnews/article/005/0001663446?sid=100,"['총선 D 100일… 주요 관전 포인트 중도 성향서 ‘정부견제론’ 더 먹혀 한동훈 ‘특검법’ 돌파 땐 판도 변화 총선 전 李 1심 판결 나오면 예측 불허 제22대 총선이 1일로 정확히 100일 앞으로 다가왔다.', '연말 각종 여론조사에서 ‘정부견제론’이 ‘정부지원론’보다 우세한 상황이지만 다양한 변수가 도사리고 있어 결과를 예측하기 어렵다.', '사진은 총선 예비후보자 등록이 시작된 지난 12월 12일 서울 양천구 선거관리위원회에서 관계자들이 예비후보자 등록을 받고 있는 모습.', '권현구 기자 올해 4월 10일 치러지는 22대 총선이 1일로 정확히 100일 앞으로 다가왔다.', '연말에 실시된 각종 여론조사를 보면 ‘정부견제론’이 우세하다.', '여권에 어려운 선거가 될 것이라는 전망이 많은 이유다.', '그러나 지금의 구도가 앞으로 100일 동안 그대로 이어질 것이라고 단정하기는 힘들다.', '총선판을 뒤흔들 대형 변수들이 존재하고 있고 또 새로운 이슈가 튀어나올 수 있기 때문이다.', '여권에서는 국민의힘 ‘구원투수’로 등판한 한동훈 비상대책위원장의 행보와 윤석열 대통령의 통치 기조 변화 여부가 총선에 영향을 미칠 요소다.', '이슈의 블랙홀이 된 ‘김건희 여사 도이치모터스 주가조작 의혹 특검법’ 이하 ‘김건희 특검법’ 공방의 전개 양상도 변수다.', '더불어민주당 입장에서는 이재명 대표의 사법리스크와 당내 계파 갈등이라는 결점을 어떻게 극복할지가 관건이다.', '‘이준석 신당’ ‘이낙연 신당’ 등 제3지대 움직임도 눈여겨봐야 할 지점이다.', '집권 3년 차 … ‘정부견제론’ 이어지나 코리아리서치·엠브레인퍼블릭이 지난 12월 18 20일 실시한 전국지표조사 NBS 를 보면 내년 총선에서 ‘국정 운영을 더 잘하도록 정부·여당에 힘을 실어줘야 한다’ 정부지원론 는 응답은 43% ‘정부·여당을 견제할 수 있도록 야당에 힘을 실어줘야 한다’ 정부견제론 는 응답은 45%로 각각 나타났다.', '그러나 자신의 이념 성향을 ‘중도’라고 답한 사람들 사이에서는 정부견제론 49% 이 정부지원론 36% 을 13% 포인트 앞선 것은 눈여겨볼 대목이다', '여론조사 관련 그 밖의 사항은 중앙선거여론조사심의위원회 홈페이지 참조 .', '앞서 국민일보 의뢰로 한국갤럽이 12월 7 8일 실시한 조사에서는 정부지원론이 40% 정부견제론이 53%로 각각 조사됐다.', '이에 대해 신율 명지대 교수는 31일 국민일보와의 통화에서 “원래 어느 정권이든 집권 3년 차에 치러지는 선거에서는 ‘정부견제론’이 우세할 수밖에 없다”고 설명했다.', '총선이 집권 3년 차에 있었던 가장 가까운 사례는 김대중정부 때 치러진 2000년 4월 16대 총선이다.', '당시 김대중 대통령은 총선 석 달 전 새정치국민회의를 확대 개편해 새천년민주당을 창당하고 총선을 치렀지만 115석 확보에 그치면서 야당인 한나라당 133석 에 원내 1당 지위를 내줘야 했다.', '외환위기 조기 극복 등으로 각종 여론조사에서 높은 지지를 받았던 김 전 대통령도 집권 3년 차 ‘정부견제론’ 바람을 피해갈 수 없었던 것이다.', '韓 ‘김건희 특검법’ 정국 수습의 조건 지난해 초부터 30%대 지지율을 좀처럼 벗어나지 못하고 있는 윤 대통령 입장에서 정부견제론의 파고를 넘는 것이 가장 큰 숙제다.', '이종훈 정치평론가는 “내년 총선의 최대 변수는 윤 대통령”이라며 “윤 대통령이 인사 당정 관계 야당과의 협치 등에서 통치 스타일을 바꾸면 총선 흐름에 변화가 올 수도 있다”고 말했다.', '정치권에서는 국민의힘이 띄운 한동훈 국민의힘 비상대책위원장 ‘카드’가 총선 판을 뒤흔들 수 있는 승부수가 될 것이라는 분석도 나온다.', '신 교수는 “여권이 선거에서 승리하는 유일한 방법은 한 위원장 같은 ‘미래 권력’을 앞세워 ‘회고형 투표’ 대신 ‘전망형 투표’로 선거 구도를 바꾸는 것”이라고 말했다.', '다만 한동훈 비대위 성공의 전제조건은 ‘김건희 특검법’ 정국을 무난하게 수습하는 것이다.', '지난 12월 28일 국회를 통과한 ‘김건희 특검법’에 대해 대통령실은 거부권 행사를 예고했지만 민심의 역풍을 맞을 수 있다는 우려가 여권 내에서도 제기된다.', '윤 대통령의 최측근인 한 위원장이 대통령과 야당이 수용 가능한 묘안을 제시하지 못하면 ‘김건희 특검법’으로 한층 악화한 여론 지형에서 총선을 치를 수 있다.', '반대로 한 위원장이 ‘김건희 특검법’ 국면을 순조롭게 넘길 경우 정치권의 세대교체 바람을 앞세워 총선 판을 바꿀 수 있다는 전망도 있다.', '최진 대통령리더십연구원장은 “한 위원장이 당내 세대교체를 비롯해 ‘586 세대교체’ 프레임으로 정치권 전반에 세대교체 바람을 불러일으키면서 총선의 성격이 확 달라질 수 있다”고 분석했다.', '野 李 사법리스크·계파갈등 ‘장애물’ 민주당 입장에서는 이재명 대표의 ‘사법리스크’가 해체되지 않은 뇌관이다.', '이 대표는 현재 공직선거법 위반과 위증교사 대장동·위례신도시·백현동 개발 특혜 의혹 성남FC 후원금 의혹 등의 사건으로 수사나 재판을 받고 있다.', '특히 이 가운데 위증교사 혐의 재판은 기존 재판과의 병합이 기각되면서 총선 전 1심 결과가 나올 수 있다는 관측이 법조계에서도 나온다.', '이 대표의 사법리스크와 맞물려 민주당 친명 친이재명 ·비명 비이재명 간 해묵은 계파 갈등 극복도 관전포인트다.', '비명계 일부에서는 이 대표 등 지도부가 사퇴하고 통합비상대책위원회 체제 전환을 요구하고 있다.', '일각에서는 사법리스크 현실화 우려가 커질 경우 이 대표가 공천 밑그림을 완성한 뒤 대표직을 내려놓을 수 있다는 가능성도 거론된다.', '꿈틀대는 제3지대 움직임도 주목 이낙연 전 민주당 대표와 이준석 전 국민의힘 대표가 창당하는 ‘신당’ 역시 내년 총선의 주요 변수다.', '이미 이준석 전 대표는 국민의힘을 탈당해 이달 중 신당 창당을 예고했고 이낙연 전 대표 역시 신당 창당을 사실상 공식화했다.', '이들이 창당하는 신당과 금태섭 전 의원 양향자 한국의희망 대표 등이 합당하거나 선거 연대를 할 경우 ‘제3지대 바람’이 불 가능성도 있다.', '최 원장은 “여야의 극한 대치가 계속 이어질 경우 40%에 달하는 중도층·무당층 표심이 제3지대로 쏠릴 수 있다”며 “국민의힘과 민주당 중 누구에게 더 큰 타격이 될지는 가봐야 알겠지만 어떤 형태로든 선거에 큰 변수로 자리매김할 것”이라고 전망했다.']",0,55.66856896877289,0.787878787878788,0.0230751923840304
36,36,2024-01-01 03:02:01,정치,동아일보 ,수도권 ‘김건희 특검법 거부권’ 반대 더 많아,https://n.news.naver.com/mnews/article/020/0003540091?sid=100,"['총선 D 100 수도권 여론조사 서울 반대 45.7% 동의 31.6% 경기 54.3% 인천 50.3% 반대 서울과 경기 인천에서 더불어민주당 주도로 지난해 12월 28일 국회 본회의를 통과한 ‘김건희 특검법’ 대통령 배우자 김건희의 도이치모터스 주가조작 의혹 진상 규명을 위한 특별검사 임명 등에 관한 법률안 에 대해 찬성하는 여론이 더 높은 것으로 나타났다.', '윤석열 대통령의 거부권 행사에 대해서도 반대한다는 의견이 더 많았다.', '지난해 12월 31일 동아일보 여론조사 결과 김건희 여사 특검법의 필요성을 묻는 질문에 동의한다는 답변은 서울 52.7% 경기 56.9% 인천 52.9%로 나타났다.', '반대한다는 응답은 서울 30.9% 경기 26.5% 인천 28.9%였다.', '‘잘 모르겠다’는 답변은 서울 16.4% 경기 16.6% 인천 18.1%로 나타났다.', '대통령실이 즉각 거부권 행사 계획을 밝힌 가운데 대통령 거부권 행사에 대해 ‘동의하지 않는다’는 의견이 서울 경기 인천 모두 높게 나타났다.', '서울에선 거부권 반대 응답이 45.7%로 동의 31.6% 보다 14.1%포인트 높았다.', '‘잘 모르겠다’는 응답은 22.7%였다.', '경기에서는 반대가 54.3%로 동의 26.3% 보다 두 배 높게 나타났다.', '잘 모르겠다는 응답은 19.4%였다.', '인천에서도 반대한다는 답변이 50.3%였다.', '동의한다는 답변은 30.2% ‘잘 모르겠다’가 19.5%였다.', '연령별로는 40대에서 김건희 특검법에 동의하는 의견이 가장 많은 것으로 나타났다.', '서울 40대는 76.5% 경기 40대 77.9% 인천 40대 73.2%가 특검법에 찬성한다고 답변했다.', '윤 대통령의 특검법 거부권 행사에 대해서도 전 지역에서 40대가 가장 강하게 반대한 것으로 집계됐다.', '반면 70세 이상의 경우 서울 경기 인천 전 지역에서 특검법에 부정적인 의견이 더 많은 것으로 조사됐다.']",1,3.2466616313904524,0.5842696629213483,0.0113109172922378
37,37,2024-01-01 01:05:02,정치,YTN ,尹 오늘 신년사 발표...특검법 거부권 행사 초읽기,https://n.news.naver.com/mnews/article/052/0001979316?sid=100,"[' 윤석열 대통령이 오늘 1일 신년사에서 민생 문제를 빠르게 해결하는 행동하는 정부 를 강조할 예정입니다.', '이른바 쌍특검법 에 대해선 언급하지 않고 이르면 이번 주 임시 국무회의 등을 거쳐 거부권을 행사할 것으로 보입니다.', '강희경 기자가 보도합니다.', '기자 2023년 마지막 날 윤석열 대통령은 각종 보고를 받으며 조용히 하루를 마무리했습니다.', '특히 오늘 1일 생중계로 진행할 신년사 준비에 매진한 것으로 전해졌습니다.', '20분 넘는 분량의 신년사에선 민생과 경제 안보 관련 내용이 주를 이룰 것으로 보입니다.', '특히 국민에게 와닿을 수 있도록 문제를 즉시 해결해야 한다며 행동하는 정부 를 키워드로 내세울 전망입니다.', '윤석열 대통령 지난달 26일 작은 목소리도 놓치지 않고 진심을 다해 해결에 힘써주기 바랍니다.', '검토만 하는 정부가 아니라 즉각 시정하는 정부가 돼야 합니다.', '야당이 일방 처리한 김건희 여사 특검법 이 정국을 뜨겁게 달구는 가운데 신년사에서 관련 언급은 없을 거란 관측이 우세합니다.', '이와 별도로 윤 대통령의 재의요구권 즉 거부권 행사는 초읽기에 들어갔습니다.', '대통령실은 이미 준비를 다 마친 상태라며 법안이 정부로 이송되는 대로 거부권을 행사한다는 방침에 변화가 없다고 강조했습니다.', '이도운 대통령실 홍보수석 지난달 28일 대통령은 법안이 정부로 이송되는 대로 즉각 거부권을 행사할 것임을 말씀드립니다.', '1월 2일 한덕수 국무총리 주재로 열리는 국무회의에서 처리가 물리적으로 어려울 수 있어서 이번 주 임시 국무회의를 여는 방안도 검토되고 있습니다.', '즉각 행사 를 강조한 만큼 늦어도 다음 주 국무회의에선 재의요구안을 의결할 전망입니다.', '대통령실 참모진들은 신년사와 별도로 신년 기자회견을 꾸준히 건의하는 것으로 전해졌습니다.', '기자회견이 열린다면 특검법과 관련해 민심을 돌릴 메시지를 내놓을 수 있는 만큼 윤 대통령의 선택에 관심이 쏠리고 있습니다.', 'YTN 강희경입니다.']",2,1.4990440271794796,0.5360824742268041,0.0074923763731078
38,38,2024-01-02 20:18:01,정치,JTBC ,특검법 둘러싼 대치도 탈당 선언도…정치권 일단 멈춤,https://n.news.naver.com/mnews/article/437/0000373431?sid=100,"[' 여야 정치권 일정도 줄줄이 취소되거나 축소됐습니다.', '당장 김건희 특검법 을 둘러싼 여야 대치도 오늘은 멈춰섰고 이재명 대표와 각을 세우며 탈당 선언을 하려던 이낙연 전 대표도 주춤하게 됐습니다.', '배양진 기자입니다.', '기자 민주당은 예정됐던 일정을 모두 취소했습니다.', '당장 오늘 오후로 예정돼 있었던 이재명 대표와 문재인 전 대통령의 만남이 무산됐고 내일 청와대 영빈관에서 열리는 신년 인사회 참석도 어렵게 됐습니다.', '대신 내일 오전 비상 의원총회를 열어 이 대표의 상태와 향후 당 운영 관련 사항을 논의하기로 했습니다.', '당초 이번 주 신당 창당 선언을 검토했던 이낙연 전 대표의 계획도 연기가 불가피해졌고 민주당 내 비명계 원칙과상식 소속 의원들의 결단도 더 늦춰질 전망입니다.', '조속한 민생법안 처리를 위한 여야간 2 2 협의체 회의도 연기됐습니다.', '신년 인사차 대전과 대구를 잇따라 찾은 한동훈 국민의힘 비대위원장도 오늘 저녁 예정됐던 대구·경북 신년교례회 행사 참석을 취소했습니다.', '한동훈 국민의힘 비대위원장 빠른 회복이 더 중요하잖아요.', '제 마음이야', '언제든지 중단하고 가고 싶은데요', '치료하시는 상황을 보고 제가 그쪽 일정을 잘 맞춰보겠습니다.', '이런 가운데 정부가 김건희 특검법 등 이른바 쌍특검 법안의 거부권 행사를 위해 국무회의 일정까지 오후로 늦췄지만 해당 법안은 정부로 이송되지 않았습니다.', '이재명 대표 피습에 따른 것이라는 관측이 나왔지만 정부와 국회 사무처는 이재명 대표 사건이 알려지기 전에 정해진 것 이라며 이 대표 건과는 상관이 없다고 전했습니다.', '앞서 대통령실은 쌍특검 법안이 넘어오면 즉각 거부권을 행사하겠다고 밝힌 바 있습니다.']",2,3.187645718455314,0.5473684210526316,0.0083755350756524
39,39,2024-01-02 20:01:03,정치,한국일보 ,이재명 피습에도 대통령실 김건희 특검법에 즉시 거부권,https://n.news.naver.com/mnews/article/469/0000778349?sid=100,"['네덜란드 국빈 방문 일정을 마치고 귀국하는 윤석열 대통령과 부인 김건희 여사가 지난해 12월 14일 현지시간 암스테르담 스히폴공항에 도착해 공군 1호기 탑승에 앞서 인사하고 있다.', '암스테르담 뉴시스 국회 본회의를 통과한 김건희 특검법 의 정부 이송이 임박했다.', '대통령실은 2일 즉시 거부권 행사 입장을 재차 강조하며 법안이 넘어오기만을 별렀다.', '이재명 더불어민주당 대표가 이날 피습당하는 돌발변수로 인해 윤석열 대통령이 재의요구권 거부권 행사시기를 늦출 것이라는 관측이 나왔지만 대통령실은 기존 입장을 고수하며 물러서지 않았다.', '대통령실 관계자는 통화에서 “특검 법안이 정부로 이송되는 즉시 거부권을 행사하겠다는 입장에 변함이 없다”며 “이 대표 피습과 특검 거부권과는 관계가 없다 고 못 박았다.', '한동훈 국민의힘 비상대책위원장도 이날 대전시당 신년인사회가 끝난 뒤 기자들과 만나 “총선을 그런 악법을 갖고 덮어버리고 국민의 눈과 귀를 가리겠다는 것을 받아들이는 게 어떻게 용기와 헌신일 수 있겠냐”고 거부권의 당위성을 강조했다.', '정부는 국무회의 시간을 연기하면서까지 특검법 결사반대 의지를 드러냈다.', '한덕수 국무총리 주재로 오전에 회의를 열 예정이었지만 국회 사무처가 특검 법안을 오전에 정부로 이송할 것이라는 소식이 전해지자 회의 시간을 오후로 미뤘다.', '법안이 이송되면 국무회의를 즉각 열어 거부권 심의·의결 절차를 밟은 뒤 윤 대통령이 즉시 거부하는 수순을 밟기 위해서다.', '법안을 국회에 다시 돌려보내려면 15일 안에 결정하면 되는데도 기다릴 것 없이 일사천리로 해치우겠다는 의도가 담겼다.', '다만 이 대표 피습이라는 예기치 않은 상황에서 윤 대통령이 거부권 행사를 고집할 경우 정국은 더욱 얼어붙고 민주당의 반발은 극에 달할 전망이다.', '여야 모두가 이번 사건을 우려하며 이 대표의 조속한 쾌유를 바라는 시점에 거부권을 몰아붙이며 민주당을 자극하는 격이기 때문이다.', '이 대표는 피습 직전 부산 강서구 가덕도 신공항 부지 현장에서 취재진과 만나 “거부권 행사가 옳지 않다는 것은 우리 국민 모두가 압도적으로 다수가 공감하는 바”라며 “ 윤 대통령께서는 언제나 국민이 옳다는 말씀도 하셨고 대한민국의 주권자는 국민이고 정치는 언제나 국민 뜻을 존중해야 한다”고 지적했다.']",1,46.6628497093916,0.7222222222222223,0.0167583183437145
40,40,2024-01-02 19:46:09,정치,디지털타임스 ,쌍특검법 정부 이송 연기… 주중 임시 국무회의 열듯,https://n.news.naver.com/mnews/article/029/0002847034?sid=100,"['국회의 일명 쌍특검법안 정부 이송이 늦어지면서 윤석열 대통령의 재의요구도 미뤄지게 됐다.', '정부는 2일 한덕수 국무총리 주재로 정부세종청사에서 국무회의를 진행했으나 국회를 통한 대통령 배우자 김건희의 도이치모터스 주가조작 의혹 진상규명을 위한 특별검사 임명 등에 관한 법률안 과 화천대유 50억 클럽 뇌물 의혹 사건의 진상규명을 위한 특별검사의 임명 등에 관한 법률안 2건은 상정하지 않았다.', '국회는 지난달 28일 양 특검법안을 본회의에 상정해 가결 처리했으나 법제실에서 문구 등 오류가 있는지 확인한 뒤 정부에 이송한다는 방침이다.', '정부는 원래 이날 국회로부터 법안이 이송되면 바로 국무회의에 상정해 재의요구 즉 거부권을 행사하려 했다.', '오전 10시에 예정돼 있던 국무회의를 오후 2시로 조정한 것도 이 때문이다.', '그러나 국회가 특검법 정부 이송을 서두르지 않기로 하면서 관련 일정은 모두 뒤로 밀렸다.', '국회가 이날 특검법을 정부로 이송하지 않은 것은 이재명 더불어민주당 대표 피습사건의 여파로 해석된다.', '대통령실에서는 쌍특검법 이 정부로 이송되는 대로 이번 주중 임시 국무회의를 열거나 늦어도 다음 주 국무회의에서 해당 법안의 재의요구안을 심의·의결하는 방안을 검토 중이다.', '윤 대통령은 국무회의에서 재의요구 심의·의결이 이뤄지는 즉시를 이를 재가할 것으로 예상된다.', '이도운 대통령실 홍보수석은 국회에서 쌍특검법을 처리한 직후 긴급 브리핑을 갖고 쌍특검법안이 정부로 이송되는 대로 즉각 거부권을 행사할 것 이라고 밝힌 바 있다.', '지난달 28일 국회 본회의에서 대통령 배우자 김건희의 도이치모터스 주가조작 의혹 진상규명을 위한 특별검사 임명 등에 관한 법률안이 가결되고 있다.']",0,16.661574468016624,0.5909090909090909,0.0201376276012916
41,41,2024-01-02 19:07:04,정치,채널A ,‘쌍특검법’ 정부 이송 지연…尹 거부권 행사도 연기,https://n.news.naver.com/mnews/article/449/0000264981?sid=100,"['방송 채널A 뉴스 TOP10 17시 20분 19시 방송일 2024년 1월 2일 화요일 진행 김종석 앵커 출연 강전애 변호사 소종섭 아시아경제 에디터 이현종 문화일보 논설위원 차재원 부산가톨릭대 특임교수 김종석 앵커 지지자들 앞에서 오늘 신년 인사회 당협위원장 현장 지지자들 만나서 내가 피습당한 것처럼 생각해라.', '그것이 우리 정치권 수준 국민의힘 수준을 한 단계 더 높이고 그 수준을 이어야 된다.', '한동훈 비대위원장이 저런 이야기를 했어요.', '이것은 진영 진보 누구를 지지하든 지지하지 않든 절대 일어나서는 안 될 일이라는 것이 대통령실 윤 대통령과 한동훈 위원장의 공통된 입장이니까요.', '저희 뉴스 TOP10 첫 출연하신 강전애 변호사님.', '강 변호사도 어떻게 생각하세요', '왜냐하면 오늘 기사 몇 개를 보니까 대통령실에서도 위문 방안 그러니까 문병 대통령.', '이것도 조금 검토 중이라고 하는데 어떻게 좀 판단하시겠습니까', '강전애 변호사 저는 굉장히 적절한 행동이었다고 생각을 합니다.', '오히려 아까 앞에서 봤지만 민주당 내에서는 설화들이 있지 않습니까.', '이낙연 대표와의 관계라든지 이런 것으로 민주당 내부에서는 이번 사건이 정말 민주주의 대한민국의 민주주의에 대한 굉장한 위협적인 사건임에도 불구하고 당내에서 왈가왈부하면서 싸우고 있는 모습을 보이거든요.', '하지만 대통령 같은 경우에는 사실은 국민의힘 소속으로서 뽑힌 대통령이지만 대한민국 전체의 큰 어른입니다.', '이렇게 야당 대표가 이러한 피습을 당했을 때 본인이 문병을 가고 싶다는 이러한 의견을 먼저 표명을 한 것은 굉장히 적절했다고 생각을 합니다.', '그리고 한동훈 위원장 같은 경우에는 사실은 본인도 오늘 내심 속으로 많이 놀랐을 것 같아요.', '한동훈 위원장도 오늘 오전에 대전에서 현충원을 가고 대전시 당 당원들을 만나는 과정에서 계속 적으로 악수를 하고 그리고 사진을 찍고 이랬었던 것으로 알려져 있는데.', '지금 이재명 대표와 같은 행동들을 하고 있었던 것이거든요.', '지금 총선이 100일도 남지 않은 상황에서 각 당의 대표들은 지지자들과 더 스킨십을 늘리려고 행동을 할 수밖에 없습니다.', '그리고 또 문제가 되는 것은 한동훈 위원장은 여기에 대해서 제가 피습을 당했을 때처럼 생각해 달라고 이야기를 했는데.', '이것도 아주 적절한 이야기였다고 생각을 하고 국민의힘 지지자든 민주당 지지자든 이번 사건에 대해서는 정말 엄중히 생각해야 된다고 봅니다.', '위 텍스트는 실제 토크 내용의 일부분입니다.', '전체 토크 내용은 동영상으로 확인하시기 바랍니다.']",2,0.1905982946045696,0.5098039215686274,0.0049720943291981
42,42,2024-01-02 18:21:16,정치,YTN ,민주 與 김건희 특검을 도이치 특검으로 호도...꿈 깨야,https://n.news.naver.com/mnews/article/052/0001979993?sid=100,"['더불어민주당은 한동훈 국민의힘 비상대책 위원장 등 여권 일각이 김건희 여사를 보호하기 위해 김건희 여사 특검법안을 도이치모터스 특검으로 호도하려 한다고 주장하며 꿈 깨라고 비판했습니다.', '윤영덕 원내대변인은 오늘 2일 원내대책 회의 뒤 기자들과 만나 해당 법안은 명백히 김건희 여사 주가 조작 특검법이라며 이같이 말했습니다.', '이어 도이치모터스 주가 조작 사건 수사가 상당히 진척됐고 1심 판결도 났지만 김건희 여사에 대한 수사는 전혀 이뤄지지 않았기 때문에 특검법안이 발의된 거라고 지적했습니다.', '윤 대변인은 또 특검 법안에 대통령이 즉각 재의 요구 즉 거부권을 행사한 뒤 국회 재표결을 서두르겠다고 하는 것도 총선 전에 이 문제를 빨리 털고 싶어 하는 명백한 총선 대비용 방탄이라고 비난했습니다.']",3,5.632148168981075,0.5977011494252873,0.0161909915584716
43,43,2024-01-02 17:31:01,정치,주간조선 ,김건희 특검 회피하는 한동훈 역풍불까xa0,https://n.news.naver.com/mnews/article/053/0000040553?sid=100,"['한동훈 국민의힘 비상대책위원장이 2일 오전 대전 동구 대전역에 도착 지지자들과 인증샷을 찍고 있다.', 'photo 뉴시스 한동훈 국민의힘 비상대책위원장이 야당에서 추진 중인 김건희 특검 에 대해 총선용 악법 이라는 입장을 재확인한 가운데 여권 일각에서는 한 위원장의 회피와 대통령실의 거부권 행사 예고에 역풍을 우려하는 목소리가 나온다.', '다수 여론조사 결과에서 대통령실의 거부권 행사 방침을 부정적으로 보는 여론이 확인됐기 때문이다.', '한 위원장은 지난 1일 김건희 특검 거부권 행사에 대한 반대 여론이 높다는 질문에 도이치 특검 역시 여러 차례 총선용 악법이라고 설명했다', '고 말했다.', '대통령실의 거부권 행사 예고에 발 맞추는 동시에 김건희 특검 이라는 용어를 도이치모터스 특검 이라고 바꿔 말하면서 김건희 여사를 사안에서 분리시키려는 모습을 보인 셈이다.', '그러나 이를 두고 여권 일각에서는 우려의 목소리가 나온다.', '당초 한 위원장은 비대위원장으로 선임되면서부터 윤석열 대통령과의 수직적 당정 관계를 극복해야 한다는 숙제를 짊어진 바 있다.', '이준석 전 국민의힘 대표는 누군가의 하수인처럼 행동하지 말아야 한다 며 멋들어지게 용어 하나 쓴다고 세상이 바뀌는 게 아니다 라고 비난했다.', '유승민 전 국민의힘 의원 역시 대통령실의 거부권 예고를 비판하며 소위 김건희 리스크 를 과감하게 해소하고 오로지 민생경제와 시대의 개혁에만 집중해야 한다 며 대통령도 대통령의 가족도 모든 국민과 똑같이 법앞에 평등해야 한다', '고 지적했다.', '이들의 비판은 내년 총선을 앞두고 김건희 여사의 주가조작 의혹에 대한 여론이 부정적인 것과도 무관치 않다.', '김건희 여사 관련 의혹이 대통령 지지율에 부정적 영향을 미치는 것은 물론 정권 심판 여론도 높아지고 있어서다.', '지난 1일 발표된 중앙일보·한국갤럽 여론조사 결과 김 여사 주가조작 의혹 관련 특검법에 대한 윤 대통령의 거부권 행사 필요성 을 묻는 질문에 65%가 거부권을 행사하지 말아야 한다 고 응답했다.', '반면 거부권을 행사해야 한다', '는 응답은 25%에 불과했다.', '같은 날 공개된 MBC·코리아리서치인터내셔널 조사에서도 대통령실의 거부권 행사에 대해 동의하지 않는다 가 64%로 동의한다 31% 보다 두 배 이상 높게 나타났다.', '※주간조선 온라인 기사입니다.']",0,33.54445398785174,0.7647058823529412,0.024872915755547
44,44,2024-01-02 17:28:28,정치,SBS ,국민의힘 특검 권한쟁의심판 검토에 선거 운동 도구 삼으려,https://n.news.naver.com/mnews/article/055/0001119229?sid=100,"['국민의힘은 오늘 2일 더불어민주당이 이른바 김건희 특검법 에 대한 대통령 거부권 행사 시 권한쟁의심판 청구를 검토하겠다고 한 데 대해 총선 민심 교란용 이라고 비판했습니다.', '한동훈 비상대책위원장은 오늘 대전시당에서 기자들과 만나 권한쟁의심판을 검토하는 자체가 실제로 권한쟁의심판으로 사법적 결과를 보겠다는 취지가 아니라 이걸 총선 내내 이어지게 선거운동을 하겠다는 도구 정도로 들린다 고 말했습니다.', '한 위원장은 거부권을 행사하면 안 된다는 이야기가 있는데 총선 이후 대통령에게 용기와 희생을 요구할 생각이 있느냐 는 질문에 악법을 가지고 총선을 덮어버리고 국민의 눈과 귀를 가리는 것이 어떻게 용기와 헌신이 되나 라고 반문했습니다.', '그러면서도 국민들이 여러 가지 걱정이나 우려를 해소할 방법들도 당연히 정치권에서 논의할 수 있다 고 덧붙였습니다.', '윤재옥 원내대표도 오늘 국회에서 기자들과 만나 민주당의 권한쟁의심판 청구 전망과 관련해 총선 민심을 최대한 교란하겠다는 저의가 있다 며 재표결을 가급적 지연시켜서 공천 관련 분열을 노리고 재표결과 관련해 자기들이 유리한 입장을 가지겠다는 아주 악의적인 꼼수 라고 비난했습니다.', '한 위원장이 김건희 특검 대신 도이치 특검 이란 표현을 사용한 것에 대해 그 법안이 도이치모터스 주가 조작과 관련된 법안이라면 도이치모터스 주가조작 관련 법률 로 명칭을 붙이는 것이 바람직한 것 아닌가 라고 가세했습니다.']",0,7.046908827498555,0.6582278481012659,0.0247053654164645
45,45,2024-01-02 17:25:01,정치,연합뉴스TV ,쌍특검 법안 이송 안 돼…거부권 국무회의 상정 미뤄져,https://n.news.naver.com/mnews/article/422/0000637468?sid=100,"['정부가 오늘 2일 국무회의에서 이른바 쌍특검 법안 에 대한 재의요구권을 심의해 의결할 방침을 세웠으나 국회가 법안의 정부 이송을 미뤄 의결 계획도 늦춰졌습니다.', '정부는 오전 중에 법안이 법제처로 이송될 가능성이 제기됨에 따라 애초 오전에 잡혀있던 국무회의를 오후로 조정했습니다.', '하지만 국회는 특검법안 검토 작업이 진행 중이어서 오늘 중 정부 이송이 어렵다고 밝혔습니다.']",2,0.0,0.4262295081967213,0.0101977239849767
46,46,2024-01-02 16:53:06,정치,연합뉴스 ,與 野 특검 권한쟁의심판 검토에 선거운동 도구 삼으려종합,https://n.news.naver.com/mnews/article/001/0014421882?sid=100,"['지도부 이어 당 논평도 김건희 특검 대신 도이치 특검 표현 한동훈 국민 여러 걱정 해소할 방법도 당연히 논의할 수 있어 원내대책회의 참석하는 윤재옥 원내대표 서울 연합뉴스 이정훈 기자 국민의힘 윤재옥 원내대표가 2일 국회에서 열린 원내대책회의에 참석하고 있다.', '2024.1.2 uwg806 yna.co.kr 서울·대전 연합뉴스 이유미 김치연 김철선 기자 국민의힘은 2일 더불어민주당이 이른바 김건희 특검법 에 대한 대통령 거부권 행사 시 권한쟁의심판 청구를 검토하겠다고 한 데 대해 총선 민심 교란용 이라고 비판했다.', '한동훈 비상대책위원장은 이날 대전시당에서 기자들과 만나 권한쟁의심판을 검토하는 자체가 실제로 권한쟁의심판으로 사법적 결과를 보겠다는 취지가 아니라 이걸 총선 내내 이어지게 선거운동을 하겠다는 도구 정도로 들린다 고 말했다.', '한 위원장은 거부권을 행사하면 안 된다는 이야기가 있는데 총선 이후 대통령에게 용기와 희생을 요구할 생각이 있느냐 는 질문에 악법을 가지고 총선을 덮어버리고 국민의 눈과 귀를 가리는 것이 어떻게 용기와 헌신이 되나 라고 반문했다.', '그러면서도 국민들이 여러 가지 걱정이나 우려를 해소할 방법들도 당연히 정치권에서 논의할 수 있다 고 언급했다.', '특검 반대와는 별개로 김 여사에 대한 국민 여론을 고려한 추가 조치 논의 가능성을 열어둔 발언으로 해석된다.', '윤재옥 원내대표는 이날 국회에서 기자들과 만나 민주당의 권한쟁의심판 청구 전망과 관련해 총선 민심을 최대한 교란하겠다는 저의가 있다 며 재표결을 가급적 지연시켜서 공천 관련 분열을 노리고 재표결과 관련해 자기들이 유리한 입장을 가지겠다는 아주 악의적인 꼼수 라고 직격했다.', '그는 한 위원장이 김건희 특검 대신 도이치 특검 이란 표현을 사용한 것에 대해 그 법안이 도이치모터스 주가 조작과 관련된 법안이라면 도이치모터스 주가조작 관련 법률 로 명칭을 붙이는 것이 바람직한 것 아닌가 라고 가세했다.', '이어 개인 인권을 침해할 수도 있고 법명에 사람 이름을 붙이는 것에 대해 정치권이 다시 생각해봐야 한다 고 덧붙였다.', '당 공식 논평에서도 김건희 특검 대신 도이치 특검 이라는 표현을 썼다.', '정광재 대변인은 논평에서 정치적 의도를 가진 대장동 50억 클럽 특검에 절대 동의할 수 없다 며 도이치모터스 주가 조작 특검 역시 그동안 여야 합의로 진행된 대부분의 특검법안과는 완전히 다른 야당의 정치 선동이자 초유의 반헌법적 사안 이라고 말했다.']",1,10.80387974716723,0.6842105263157895,0.0223691124691901
47,47,2024-01-02 16:51:12,정치,SBS ,영상 이준석 한동훈 김건희 특검에 관점 달라져…이준석이 평가한 한동훈 비대위원장은,https://n.news.naver.com/mnews/article/055/0001119210?sid=100,"['국민의힘을 탈당하고 개혁신당 가칭 창당을 준비 중인 이준석 전 국민의힘 대표가 오늘 2일 SBS 라디오 김태현의 정치쇼', '에 출연해 한동훈 국민의힘 비상대책위원장을 비판했습니다.', '이 전 대표는 한 비대위원장에 대해 똑똑한 분이기 때문에 잘 적응할 거라 본다 면서도 인요한 위원장이 성역을 못 건드려서 망한 것처럼 한동훈 위원장이 성역을 계속 쌓아가고 있다고 생각한다', '고 말했습니다.', '이에 진행자가 윤석열 대통령과의 관계를 이야기하는 거냐 고 묻자 이 전 대표는 김건희 여사와의 관계를 이야기 하는 것 이라고 콕 집어 이야기했는데요.', '이 전 대표는 한 비대위원장에게 어떤 조언을 남겼을까요', '현장영상으로 준비했습니다.']",0,11.316101194359362,0.6265060240963856,0.0162019634981461
48,48,2024-01-02 16:49:01,정치,조세일보 ,쌍특검법 국무회의에 미포함…거부권 상정 미뤄져,https://n.news.naver.com/mnews/article/123/0002324411?sid=100,"['국회서 정부로 이송 안돼', '쌍특검법에 대한 거부권 행사도 미뤄져 …한덕수 국무총리가 2일 오후 정부세종청사 국무회의장에서 열린 새해 첫 국무회의에서 모두 발언을 하고 있다.', '사진 연합뉴스 당초 새해 첫 국무회의 안건에 포함될 것으로 예상됐던 이른바 쌍특검법 김건희 여사 도이치모터스 주가 조작 특검과 대장동 50억 클럽 특검 이 상정되지 않았다.', '2일 이날 국무회의는 당초 오전 10시에 열릴 예정이었으나 오후 2시로 연기됐다.', '일각에서는 이를 두고 윤석열 대통령의 쌍특검법 재의요구안 거부권 행사 때문이라고 추측했다.', '그러나 한덕수 국무총리 측은 이날 특검법안 2건이 상정되지 않았다 고 밝혔다.', '국회는 특검법 검토 작업이 아직 진행 중이라 이날 정부로 이송하기 어렵다는 입장을 내놨다.', '앞서 대통령실은 쌍특검법이 국무회의에서 심의 및 의결되는 대로 즉시 거부권을 행사할 것이라고 예고한 바 있다.', '이에 따라 늦어도 다음 주 국무회의에서 쌍특검법에 대한 거부권 행사가 이뤄질 가능성이 높은 것으로 전해졌다.']",3,33.959607638418674,0.6265060240963856,0.0184444957188409
49,49,2024-01-02 16:47:01,정치,동아일보 ,국회 쌍특검법 이송 오늘 안한다…尹 거부권 행사도 연기,https://n.news.naver.com/mnews/article/020/0003540380?sid=100,"['28일 서울 여의도 국회에서 열린 제411회국회 임시회 제3차 본회의에서 ‘김건희 특검법’ 대통령 배우자 김건희의 도이치모터스 주가조작 의혹 진상규명을 위한 특별검사 임명 등에 관한 법률안 이 국민의힘 의원들이 불참한 채 야당 단독으로 가결되고 있다.', '2023.12.28. 뉴스1 국회가 ‘김건희 여사 특검법’과 ‘대장동 50억 클럽 특검법’ 등 이른바 ‘쌍특검’ 법안을 2일 중 정부에 이송하지 않을 방침이다.', '이에 따라 윤석열 대통령의 재의요구권 거부권 행사도 미뤄지게 됐다.', '국회 관계자는 이날 “ 쌍특검법의 정부 이송 시기에 대한 더불어민주당과 국민의힘 측 입장이 미세하게 다른 기류를 보이고 있다”면서 이같이 밝혔다.', '민주당 이재명 대표의 피습 사건도 영향을 미친 것으로 보인다.', '이에 국회와 대통령실 주변에서는 법안이 이번 주중 정부로 이송되면 임시 국무회의가 열릴 수도 있다는 관측이 나온다.', '정부는 지난달 28일 국회를 통과한 쌍특검법이 2일 오전 중 법제처로 이송될 가능성이 제기됨에 따라 당초 이날 오전 10시 예정이었던 국무회의를 오후 2시로 연기한 바 있다.', '앞서 대통령실이 쌍특검법에 대한 거부권 행사 의지를 밝힌 만큼 이날 국무회의에 재의요구안이 상정되면 심의·의결을 거쳐 윤석열 대통령이 재가할 것으로 예상됐다.', '그러나 국회 사무처가 쌍특검법 정부 이송을 서두르지 않을 방침인 것으로 전해져 관련 일정은 모두 미뤄지게 됐다.', '헌법에 따르면 국회 본회의에서 가결된 법률안은 국회 사무처 검토 뒤 국회의장 승인을 거쳐 정부로 이송된다.', '정부는 법률안을 받은 지 15일 안에 공포하거나 이의서를 붙여 국회에 재의를 요구할 수 있다.', '국회로 돌아간 법안이 다시 의결되려면 재적의원 298석 과반수 출석에 출석 의원 3분의 2 이상이 찬성해야 한다.', '법안이 본회의에서 가결되지 못하면 자동 폐기된다.']",1,28.46873578429222,0.6190476190476191,0.0160947663312402
50,50,2024-01-02 16:29:59,정치,중앙일보 ,쌍특검법 거부 준비했던 한총리…국회가 특검법 안보내 밀렸다,https://n.news.naver.com/mnews/article/025/0003332533?sid=100,"['한덕수 국무총리가 2일 오후 세종시 정부세종청사에서 열린 국무회의에서 발언하고 있다.', '뉴스1 정부와 국회가 2일 이른바 ‘쌍특검법 김건희 여사 주가조작 의혹 특검법 대장동 50억 클럽 특검법 거부권 행사를 두고 묘한 신경전을 펼치는 듯한 모습이 펼쳐졌다.', '한덕수 국무총리는 이날 오전 10시에 열릴 예정이던 국무회의를 회의 개최 1시간을 앞두고 오후 2시로 연기했다.', '지난달 28일 국회를 통과한 쌍특검법이 오전 중 정부로 이송될 가능성이 있다는 이유에서였다.', '이송을 전제로 한 총리는 오후에 국무회의를 열고 거부권 재의요구권 을 의결해 윤석열 대통령의 재가를 건의할 방침이었다.', '국회 본회의에서 가결된 법안은 국회 사무처 검토 뒤 국회의장 승인을 거쳐 정부로 이송된다.', '그 뒤 정부는 법을 공포하거나 국회에 재의를 요구할 수 있다.', '한동훈 국민의힘 비상대책위원장과 이재명 더불어민주당 대표가 지난달 29일 서울 여의도 국회 민주당 대표실에서 회동을 하고 있다.', '뉴스1 하지만 김진표 국회의장이 이날 쌍특검법을 정부로 이송하지 않으면서 거부권 의결 및 행사도 연기됐다.', '복수의 총리실 관계자는 “쌍특검법 이송 가능성이 제기돼 국무회의 시간을 연기했던 것”이라며 “국회에서 정식으로 연락을 받은 것은 아니었다”고 말했다.', '국회 사무처는 쌍특검법 검토에 시간이 더 필요하다는 입장이다.', '사무처는 법률 이송 전 법체계와 자구를 확인하는 최종 검수 작업을 진행한다.', '국회 사무처 관계자는 “통상 법률 이송까지 일주일 정도 시간이 소요된다”고 말했다.', '윤 대통령이 지난 4월 거부권을 행사한 양곡관리법은 본회의 통과 뒤 정부 이송까지 8일 5월에 거부권을 행사한 간호법은 이송까지 7일이 걸렸다.', '쌍특검법은 2일을 기준으로 국회 본회의 통과 뒤 5일이 지난 상태다.', '정부 내부에선 쌍특검법이 4일쯤 이송될 것이라 보고 임시 국무회의를 준비 중이다.', '이도운 홍보수석이 지난달 28일 대통령실 브리핑실에서 국회가 통과시킨 이른바 쌍특검법 에 대해 대통령의 즉각 거부방침을 알리는 브리핑을 하고 있다.', '대통령실사진기자단 이날 여권에선 “야당이 국회의장인 상황에서 국회 사무처가 불필요하게 시간을 끄는 것 아니냐”는 볼멘소리도 나왔다.', '여권 관계자는 “특검법 심사는 빠르면 하루면 마칠 수 있다”며 “대통령실이 즉각 거부권을 예고한 상황이라면 최대한 신속히 보내주는 게 맞다”고 말했다.', '이도운 대통령실 홍보수석은 특검법 통과 당일 “윤 대통령은 쌍특검법이 정부로 이송되는 대로 즉각 거부권을 행사할 것”이라는 입장을 밝혔다.', '이와 관련해 국회 사무처 관계자는 “절차에 따라 진행하고 있다”고 말했다.', '중앙일보 2024 정치성향테스트 ☞당신도 몰랐던 숨겨진 정치성향을 확인하고 싶다면 여기를 클릭하세요.', 'hps www.joongang.co.kr digitalspecial 485 한 총리는 오후 국무회의 모두발언에서 이재명 더불어민주당 대표 피습과 관련해 “어떠한 이유에서든 폭력은 정당화될 수 없으며 특히 정치인에 대한 물리적 공격은 민주주의의 근간을 흔들 수 있는 심각한 범죄행위”라며 “수사 기관에서 철저한 수사와 처벌을 통해 엄중히 조치해달라”고 지시했다.', '이날 국무회의에선 공무원 보수를 지난해보다 평균 2.5% 인상하는 공무원 수당 개정안 등이 의결됐다.']",0,10.3016992919147,0.5714285714285714,0.0152535186028648
51,51,2024-01-02 16:20:05,정치,뉴시스 ,국민의힘 쌍특검은 야당의 정치폭력…거부권 행사 불가피,https://n.news.naver.com/mnews/article/003/0012298017?sid=100,"['민의 왜곡해도 선거 이기면 된단 식 윤 쌍특검법 재의요구권 행사 방침 서울 뉴시스 이영환 기자 지난달 28일 오후 서울 여의도 국회에서 열린 제411회국회 임시회 제3차 본회의에서 쌍특검법 화천대유 특검법 김건희 특검법 을 가결시킨 야당 의원들이 본회의가 산회되자 회의장을 나서고 있다.', '2023.12.28. 20hwan newsis.com 서울 뉴시스 하지현 기자 국민의힘은 2일 야당 주도로 국회를 통과한 쌍특검법 김건희 도이치모터스 주가조작 의혹·대장동 50억 클럽 특검법 과 관련 선거에만 이기면 된다는 거대 야당의 정치 폭거 라며 윤석열 대통령의 재의요구권 거부권 행사 필요성을 강조했다.', '정광재 대변인은 이날 논평에서 총선을 앞두고 민의를 왜곡해서라도 선거에만 이기면 된다는 식의 거대 야당의 정치 폭거에 대해 윤 대통령의 재의요구권 행사는 불가피하다 고 밝혔다.', '그는 국회를 통과한 쌍특검 법안은 의회 절대다수를 가진 야당의 정치 폭력 이라며 도이치 특검을 이슈화해 대장동 사건까지 무마하고 가짜뉴스를 양산해 총선 승리를 이뤄내겠다는 야당의 정치 폭거는 이제 멈춰야 한다 고 강조했다.', '대장동 50억 클럽 의혹 특검을 두고는 중대 범죄혐의 피의자가 당 대표로 있는 민주당과 이에 동조하는 정의당이 지정하는 특검을 통해 사건을 수사하겠다는 내용이 담겼다 며 범죄 피의자가 직접 자신을 심문할 검사를 임명해 사건을 유리하게 이끌겠다는 억지 그 이상도 이하도 아니다 라고 비판했다.', '김건희 여사 도이치모터스 주가조작 의혹 특검에는 야당의 정치 선동이자 초유의 반헌법적 사안 이라며 대통령 취임 10년도 더 전에 발생한 일이고 문재인 정부 검찰에서 윤석열 당시 검찰총장의 수사지휘권을 박탈해 가며 수사했지만 어떤 혐의점도 나오지 않은 사건 이라고 지적했다.', '윤석열 대통령은 쌍특검법이 지난달 28일 야당 주도로 국회 본회의를 통과하자 법안이 정부에 이송되는 대로 즉각 거부권을 행사할 것 이라고 밝힌 바 있다.']",1,21.72449843212962,0.6582278481012659,0.0228237014894517
52,52,2024-01-02 16:18:08,정치,디지털타임스 ,與 쌍특검 민주당과 정의당의 짬짜미 정치폭력,https://n.news.naver.com/mnews/article/029/0002846951?sid=100,"['정광재 정치적 의도 가진 특검에 절대 동의 못해 국회 본회의 국회사진기자단 정광재 국민의힘 대변인은 2일 야권이 추진하는 쌍특검법을 정치폭력으로 규정하고 강력 비판했다.', '정 대변인은 이날 논평을 통해 더불어민주당과 정의당이 주도해 국회를 통과한 대장동 50억 클럽과 도이치모터스 주가조작 특검법안은 의회 절대 다수를 가진 야당의 정치 폭력 이라고 비난했다.', '그는 대장동 50억 클럽 특검 법안은 검찰에서 총력을 다해 수사를 진행하고 있는 사안에 대해 중대 범죄혐의 피의자가 당대표로 있는 민주당과 이에 동조하는 정의당이 지정하는 특검을 통해 사건을 수사하겠다는 내용이 담겼다 며 이는 범죄 피의자가 직접 자신을 심문할 검사를 임명해 사건을 자신에게 유리하게 이끌겠다는 억지 그 이상 이하도 아니다 고 주장했다.', '정 대변인은 도이치모터스 주가 조작 특검법안 역시 그동안 여야 합의로 진행돼 왔던 대부분의 특검법안과는 완전히 다른 야당의 정치 선동이자 초유의 반헌법적 사안 이라며 해당 사건은 대통령 취임 10년도 더 전에 발생한 일이고 문재인 정부 검찰에서 윤석열 당시 검찰총장의 수사지휘권을 박탈해 가며 수사했지만 어떤 혐의점도 나오지 않은 사건 이라고 강조했다.', '이어 국민의힘은 정치적 의도를 가진 특검에 절대 동의할 수 없다 며 총선을 앞두고 민의를 왜곡해서라도 선거에만 이기면 된다는 식의 거대 야당의 정치 폭거에 대해 윤석열 대통령의 재의요구권 행사는 불가피하다 고 했다.', '아울러 도이치 특검을 이슈화해 대장동 사건까지 무마시키고 자신들에 유리한 가짜뉴스를 양산해 총선 승리를 이뤄내겠다는 야당의 정치적 폭거 이제 멈춰야 한다 고 덧붙였다.']",0,7.9856441440060735,0.6419753086419753,0.0193688711295844
